time_from_start,pos_x,pos_y,pos_z,vel_x,vel_y,vel_z,acc_x,acc_y,acc_z,jerk_x,jerk_y,jerk_z,snap_x,snap_y,snap_z,q_w,q_x,q_y,q_z,omega_x,omega_y,omega_z,angular_acc_x,angular_acc_y,angular_acc_z,angular_jerk_x,angular_jerk_y,angular_jerk_z,angular_snap_x,angular_snap_y,angular_snap_z,heading,heading_rate,heading_acc
0,-20.00000227,19.99999763,3,0.20000001,-1E-08,2E-08,0,0,0,0,0,0,0,0,0,1,0,0,0,0,0,0,0,0,0,0,0,0,0,0,0,0,0,0
0,-20.00000227,19.99999763,3,0.20000001,-1E-08,2E-08,0,0,0,0,0,0,0,0,0,1,0,0,0,0,0.3353686,0,0,0,0,0,0,0,0,0,0,0,0,0
0.02,-19.99600005,19.99999763,3,0.20044308,-1E-08,2E-08,0.06580031,0,0,6.44875883,1E-08,-5E-08,302.92105645,5E-07,-2.3E-06,0.99999438,0,0.00335368,0,0,0.64419474,0,0,0,0,0,0,0,0,0,0,0,0,0
0.04,-19.99196746,19.99999763,3,0.20344009,-1E-08,2E-08,0.25283798,0,0,12.13063085,2E-08,-9E-08,265.60703439,4.3E-07,-1.96E-06,0.999917,0,0.01288354,0,0,1.22279112,0,0,0,0,0,0,0,0,0,0,0,0,0
0.06,-19.98783019,19.99999763,3,0.21126515,-1E-08,2E-08,0.54618588,0,0,17.08652277,3E-08,-1.3E-07,230.31539718,3.6E-07,-1.65E-06,0.99961334,0,0.02780592,0,0,1.72313271,0,0,0,0,0,0,0,0,0,0,0,0,0
0.08,-19.98347138,19.99999763,3,0.22590196,-1E-08,2E-08,0.93172582,0,-1E-08,21.35642328,3E-08,-1.6E-07,197.00024159,3E-07,-1.35E-06,0.99887936,0,0.04732886,0,0,2.14371753,0,0,0,0,0,0,0,0,0,0,0,0,0
0.1,-19.97873725,19.99999763,3,0.24905978,-1E-08,2E-08,1.39613021,0,-1E-08,24.97940296,4E-08,-1.8E-07,165.61566441,2.4E-07,-1.08E-06,0.99750294,0,0.07062502,0,0,2.48135531,0,0,0,0,0,0,0,0,0,0,0,0,0
0.12,-19.97344246,19.99999763,3,0.28218906,-1E-08,2E-08,1.92684368,0,-1E-08,27.99361435,4E-08,-2E-07,136.11576242,1.8E-07,-8.2E-07,0.99530174,0,0.09682174,0,0,2.73293511,0,0,0,0,0,0,0,0,0,0,0,0,0
0.14,-19.96737511,19.99999763,3,0.32649674,0,2E-08,2.51206476,0,-2E-08,30.43629194,5E-08,-2.2E-07,108.45463238,1.3E-07,-5.8E-07,0.9921549,0,0.12501461,0,0,2.89742172,0,0,0,0,0,0,0,0,0,0,0,0,0
0.16,-19.9603015,19.99999763,3,0.3829611,0,2E-08,3.14072745,1E-08,-2E-08,32.34375211,5E-08,-2.2E-07,82.58637108,8E-08,-3.7E-07,0.98802356,0,0.15430312,0,0,2.97743392,0,0,0,0,0,0,0,0,0,0,0,0,0
0.18,-19.95197049,19.99999763,3,0.4523463,0,2E-08,3.80248292,1E-08,-3E-08,33.75139322,5E-08,-2.3E-07,58.4650753,4E-08,-1.6E-07,0.98295625,0,0.18383963,0,0,2.97990041,0,0,0,0,0,0,0,0,0,0,0,0,0
0.2,-19.9421177,19.99999763,3,0.53521655,0,2E-08,4.48768112,1E-08,-3E-08,34.69369554,5E-08,-2.3E-07,36.04484181,0,2E-08,0.97707867,0,0.21287855,0,0,2.91562023,0,0,0,0,0,0,0,0,0,0,0,0,0
0.22,-19.93046936,19.99999763,3,0.63194989,0,2E-08,5.18735244,1E-08,-4E-08,35.20422128,5E-08,-2.3E-07,15.2797674,-4E-08,1.9E-07,0.97057148,0,0.24081322,0,0,2.79794989,0,0,0,0,0,0,0,0,0,0,0,0,0
0.24,-19.91674588,19.99999763,3,0.74275161,0,2E-08,5.8931893,1E-08,-4E-08,35.3156146,5E-08,-2.2E-07,-3.87605117,-7E-08,3.4E-07,0.963643,0,0.26719314,0,0,2.64110426,0,0,0,0,0,0,0,0,0,0,0,0,0
0.26,-19.90066517,19.99999763,3,0.86766733,0,2E-08,6.59752785,1E-08,-5E-08,35.05960159,5E-08,-2.2E-07,-21.4685171,-1E-07,4.8E-07,0.95650342,0,0.29172112,0,0,2.45858272,0,0,0,0,0,0,0,0,0,0,0,0,0
0.28,-19.88194574,19.99999763,3,1.00659568,0,2E-08,7.29332957,1E-08,-5E-08,34.46699025,4E-08,-2E-07,-37.54353363,-1.3E-07,6E-07,0.94934522,0,0.31423502,0,0,2.26205741,0,0,0,0,0,0,0,0,0,0,0,0,0
0.3,-19.86030948,19.99999763,3,1.1593006,0,2E-08,7.97416294,1E-08,-5E-08,33.56767055,4E-08,-1.9E-07,-52.14700398,-1.5E-07,7.1E-07,0.94233142,0,0.33468118,0,0,2.0608229,0,0,0,0,0,0,0,0,0,0,0,0,0
0.32,-19.83548424,19.99999763,3,1.32542333,0,2E-08,8.63418502,1E-08,-6E-08,32.39061438,4E-08,-1.8E-07,-65.32483136,-1.8E-07,8E-07,0.93559098,0,0.35308572,0,0,1.86172495,0,0,0,0,0,0,0,0,0,0,0,0,0
0.34,-19.8072062,19.99999763,3,1.50449398,0,1E-08,9.26812317,1E-08,-6E-08,30.96387556,4E-08,-1.6E-07,-77.122919,-1.9E-07,8.8E-07,0.92921946,0,0.36952834,0,0,1.66940436,0,0,0,0,0,0,0,0,0,0,0,0,0
0.36,-19.77522194,19.99999763,3,1.69594277,0,1E-08,9.8712566,1E-08,-6E-08,29.31458986,3E-08,-1.4E-07,-87.58717012,-2.1E-07,9.5E-07,0.92328288,0,0.38412072,0,0,1.48669303,0,0,0,0,0,0,0,0,0,0,0,0,0
0.38,-19.73929034,19.99999763,3,1.89911085,0,1E-08,10.4393981,1E-08,-7E-08,27.46897498,3E-08,-1.2E-07,-96.76348795,-2.2E-07,1E-06,0.91782285,0,0.39699021,0,0,1.31504184,0,0,0,0,0,0,0,0,0,0,0,0,0
0.4,-19.69918428,19.99999763,3,2.11326082,0,1E-08,10.96887561,2E-08,-7E-08,25.45233054,2E-08,-1E-07,-104.69777571,-2.3E-07,1.05E-06,0.91286203,0,0.40826819,0,0,1.15490967,0,0,0,0,0,0,0,0,0,0,0,0,0
0.42,-19.65469206,19.99999763,3,2.33758684,0,1E-08,11.45651388,2E-08,-7E-08,23.28903813,2E-08,-8E-08,-111.43593661,-2.4E-07,1.08E-06,0.90840907,0,0.41808247,0,0,1.00608286,0,0,0,0,0,0,0,0,0,0,0,0,0
0.44,-19.60561872,19.99999763,3,2.57122437,0,1E-08,11.89961611,2E-08,-7E-08,21.00256124,1E-08,-6E-08,-117.02387388,-2.4E-07,1.1E-06,0.90446276,0,0.4265526,0,0,0.86791976,0,0,0,0,0,0,0,0,0,0,0,0,0
0.46,-19.55178709,19.99999763,3,2.81325957,0,1E-08,12.2959456,2E-08,-7E-08,18.61544531,1E-08,-4E-08,-121.50749074,-2.4E-07,1.11E-06,0.90101534,0,0.43378722,0,0,0.73952793,0,0,0,0,0,0,0,0,0,0,0,0,0
0.48,-19.4930387,19.99999763,3,3.06273832,0,1E-08,12.64370738,2E-08,-7E-08,16.14931772,0,-1E-08,-124.93269042,-2.4E-07,1.11E-06,0.89805511,0,0.43988296,0,0,0.61988693,0,0,0,0,0,0,0,0,0,0,0,0,0
0.5,-19.4292345,19.99999763,3,3.31867485,0,0,12.94152983,2E-08,-7E-08,13.62488778,0,1E-08,-127.34537614,-2.4E-07,1.1E-06,0.89556826,0,0.44492415,0,0,0.50792956,0,0,0,0,0,0,0,0,0,0,0,0,0
0.52,-19.36025538,19.99999763,3,3.58006005,0,0,13.18844636,2E-08,-7E-08,11.06194675,-1E-08,3E-08,-128.79145111,-2.4E-07,1.08E-06,0.89354026,0,0.44898308,0,0,0.40259306,0,0,0,0,0,0,0,0,0,0,0,0,0
0.54,-19.2860026,19.99999763,3,3.84586938,0,0,13.38387699,2E-08,-7E-08,8.47936779,-1E-08,5E-08,-129.31681856,-2.3E-07,1.06E-06,0.8919568,0,0.45212064,0,0,0.30284932,0,0,0,0,0,0,0,0,0,0,0,0,0
0.56,-19.20639799,19.99999763,3,4.1150704,0,0,13.52761005,2E-08,-7E-08,5.89510603,-2E-08,7E-08,-128.96738172,-2.2E-07,1.03E-06,0.8908044,0,0.45438698,0,0,0.20772109,0,0,0,0,0,0,0,0,0,0,0,0,0
0.58,-19.12138406,19.99999763,3,4.38662998,0,0,13.6197838,2E-08,-7E-08,3.32619853,-2E-08,9E-08,-127.7890438,-2.2E-07,9.9E-07,0.8900708,0,0.45582229,0,0,0.116289,0,0,0,0,0,0,0,0,0,0,0,0,0
0.6,-19.03092392,19.99999763,3,4.65952109,0,0,13.66086802,1E-08,-7E-08,0.78876427,-2E-08,1.1E-07,-125.82770803,-2.1E-07,9.4E-07,0.88974519,0,0.45645756,0,0,0.02769315,0,0,0,0,0,0,0,0,0,0,0,0,0
0.62,-18.93500111,19.99999763,3,4.93272926,0,0,13.65164573,1E-08,-6E-08,-1.70199583,-3E-08,1.3E-07,-123.12927762,-1.9E-07,8.9E-07,0.8898182,0,0.4563152,0,0,-0.05886844,0,0,0,0,0,0,0,0,0,0,0,0,0
0.64,-18.83361928,19.99999763,3,5.20525866,0,-1E-08,13.59319477,1E-08,-6E-08,-4.1317989,-3E-08,1.5E-07,-119.73965581,-1.8E-07,8.3E-07,0.89028199,0,0.45540969,0,0,-0.1441425,0,0,0,0,0,0,0,0,0,0,0,0,0
0.66,-18.72680177,19.99999763,3,5.47613783,0,-1E-08,13.48686946,1E-08,-6E-08,-6.48728014,-4E-08,1.6E-07,-115.70474581,-1.7E-07,7.6E-07,0.89112999,0,0.4537481,0,0,-0.22882326,0,0,0,0,0,0,0,0,0,0,0,0,0
0.68,-18.61459106,19.99999763,3,5.74442498,0,-1E-08,13.33428223,1E-08,-6E-08,-8.75599283,-4E-08,1.8E-07,-111.07045084,-1.5E-07,7E-07,0.89235682,0,0.45133059,0,0,-0.31355419,0,0,0,0,0,0,0,0,0,0,0,0,0
0.7,-18.49704811,19.99999763,3,6.009213,0,-1E-08,13.13728526,1E-08,-5E-08,-10.9264083,-4E-08,1.9E-07,-105.88267413,-1.4E-07,6.2E-07,0.89395794,0,0.44815086,0,0,-0.39892796,0,0,0,0,0,0,0,0,0,0,0,0,0
0.72,-18.37425166,19.99999763,3,6.2696341,0,-1E-08,12.89795215,1E-08,-5E-08,-12.98791594,-4E-08,2E-07,-100.1873189,-1.2E-07,5.5E-07,0.89592935,0,0.44419658,0,0,-0.48548392,0,0,0,0,0,0,0,0,0,0,0,0,0
0.74,-18.24629736,19.99999763,3,6.52486399,0,-1E-08,12.6185595,1E-08,-4E-08,-14.93082322,-5E-08,2.1E-07,-94.03028837,-1E-07,4.7E-07,0.89826714,0,0.43944983,0,0,-0.57370239,0,0,0,0,0,0,0,0,0,0,0,0,0
0.76,-18.1132969,19.99999763,3,6.77412579,0,-1E-08,12.30156859,1E-08,-4E-08,-16.74635566,-5E-08,2.2E-07,-87.45748577,-9E-08,3.9E-07,0.900967,0,0.43388763,0,0,-0.66399512,0,0,0,0,0,0,0,0,0,0,0,0,0
0.78,-17.97537697,19.99999763,3,7.01669356,0,-1E-08,11.94960702,1E-08,-4E-08,-18.42665685,-5E-08,2.3E-07,-80.51481431,-7E-08,3.1E-07,0.90402361,0,0.42748253,0,0,-0.75669121,0,0,0,0,0,0,0,0,0,0,0,0,0
0.8,-17.83267827,19.99999763,3,7.25189541,0,-1E-08,11.56545032,1E-08,-3E-08,-19.96478846,-5E-08,2.3E-07,-73.24817721,-5E-08,2.2E-07,0.90742995,0,0.42020338,0,0,-0.85201771,0,0,0,0,0,0,0,0,0,0,0,0,0
0.82,-17.68535437,19.99999763,3,7.47911628,0,-1E-08,11.15200362,1E-08,-3E-08,-21.35473019,-5E-08,2.4E-07,-65.70347771,-3E-08,1.4E-07,0.91117646,0,0.41201633,0,0,-0.95007463,0,0,0,0,0,0,0,0,0,0,0,0,0
0.84,-17.53357055,19.99999763,3,7.69780037,0,-1E-08,10.71228326,0,-2E-08,-22.59137984,-5E-08,2.4E-07,-57.92661902,-1E-08,5E-08,0.91525015,0,0.40288604,0,0,-1.05080384,0,0,0,0,0,0,0,0,0,0,0,0,0
0.86,-17.37750258,19.99999763,3,7.90745316,0,-2E-08,10.24939847,0,-2E-08,-23.67055325,-5E-08,2.4E-07,-49.96350436,1E-08,-4E-08,0.91963358,0,0.3927774,0,0,-1.15395232,0,0,0,0,0,0,0,0,0,0,0,0,0
0.88,-17.21733552,19.99999763,3,8.10764309,0,-2E-08,9.76653295,0,-1E-08,-24.58898433,-5E-08,2.4E-07,-41.86003695,3E-08,-1.2E-07,0.92430381,0,0.38165752,0,0,-1.25903083,0,0,0,0,0,0,0,0,0,0,0,0,0
0.9,-17.05326241,19.99999763,3,8.29800287,0,-2E-08,9.26692657,0,-1E-08,-25.34432506,-5E-08,2.3E-07,-33.66212002,5E-08,-2.1E-07,0.92923137,0,0.36949839,0,0,-1.3652703,0,0,0,0,0,0,0,0,0,0,0,0,0
0.92,-16.88548297,19.99999763,3,8.4782304,0,-2E-08,8.75385696,0,0,-25.93514549,-5E-08,2.3E-07,-25.4156568,6E-08,-2.9E-07,0.93437928,0,0.3562799,0,0,-1.47158,0,0,0,0,0,0,0,0,0,0,0,0,0
0.94,-16.71420233,19.99999763,3,8.64808937,0,-2E-08,8.23062117,0,0,-26.36093371,-5E-08,2.2E-07,-17.16655049,8E-08,-3.7E-07,0.9397023,0,0.34199355,0,0,-1.57651326,0,0,0,0,0,0,0,0,0,0,0,0,0
0.96,-16.53962967,19.99999763,3,8.80740946,0,-2E-08,7.70051732,0,1E-08,-26.62209591,-5E-08,2.1E-07,-8.96070433,1E-07,-4.5E-07,0.94514659,0,0.32664647,0,0,-1.67824872,0,0,0,0,0,0,0,0,0,0,0,0,0
0.98,-16.36197692,19.99999763,3,8.95608616,0,-2E-08,7.16682621,0,1E-08,-26.71995631,-4E-08,2E-07,-0.84402153,1.1E-07,-5.2E-07,0.95064986,0,0.31026576,0,0,-1.77459654,0,0,0,0,0,0,0,0,0,0,0,0,0
1,-16.18145745,19.99999763,3,9.09408024,0,-2E-08,6.632793,0,2E-08,-26.65675721,-4E-08,1.9E-07,7.13759468,1.3E-07,-5.9E-07,0.95614225,0,0.29290272,0,0,-1.86303925,0,0,0,0,0,0,0,0,0,0,0,0,0
1.02,-15.99828478,19.99999763,3,9.22141689,0,-1E-08,6.10160879,0,2E-08,-26.43565899,-4E-08,1.8E-07,14.93824107,1.4E-07,-6.6E-07,0.96154808,0,0.27463664,0,0,-1.94081559,0,0,0,0,0,0,0,0,0,0,0,0,0
1.04,-15.81267125,19.99999763,3,9.3381844,0,-1E-08,5.57639232,0,2E-08,-26.06074006,-4E-08,1.7E-07,22.51201444,1.6E-07,-7.2E-07,0.96678857,0,0.25557749,0,0,-2.00505099,0,0,0,0,0,0,0,0,0,0,0,0,0
1.06,-15.62482688,19.99999763,3,9.44453257,0,-1E-08,5.06017155,-1E-08,3E-08,-25.53699692,-3E-08,1.5E-07,29.81301155,1.7E-07,-7.8E-07,0.97178532,0,0.23586712,0,0,-2.05293115,0,0,0,0,0,0,0,0,0,0,0,0,0
1.08,-15.43495803,19.99999763,3,9.54067072,0,-1E-08,4.55586537,-1E-08,3E-08,-24.87034413,-3E-08,1.4E-07,36.79532919,1.8E-07,-8.3E-07,0.97646449,0,0.21567824,0,0,-2.08190594,0,0,0,0,0,0,0,0,0,0,0,0,0
1.1,-15.24326635,19.99999763,3,9.62686526,0,-1E-08,4.06626517,-1E-08,3E-08,-24.0676143,-3E-08,1.2E-07,43.41306413,1.9E-07,-8.7E-07,0.98076126,0,0.19521106,0,0,-2.08990118,0,0,0,0,0,0,0,0,0,0,0,0,0
1.12,-15.04994758,19.99999763,3,9.70343704,0,-1E-08,3.59401651,-1E-08,3E-08,-23.13655813,-2E-08,1E-07,49.62031315,2E-07,-9.1E-07,0.98462393,0,0.17468746,0,0,-2.07550946,0,0,0,0,0,0,0,0,0,0,0,0,0
1.14,-14.85519055,19.99999763,3,9.77075818,0,-1E-08,3.14160077,-1E-08,3E-08,-22.08584437,-2E-08,8E-08,55.37117302,2.1E-07,-9.4E-07,0.98801733,0,0.15434301,0,0,-2.03813022,0,0,0,0,0,0,0,0,0,0,0,0,0
1.16,-14.65917614,19.99999763,3,9.82924866,0,-1E-08,2.71131675,-1E-08,4E-08,-20.92505983,-1E-08,6E-08,60.61974054,2.1E-07,-9.6E-07,0.99092477,0,0.13441763,0,0,-1.97803574,0,0,0,0,0,0,0,0,0,0,0,0,0
1.18,-14.46207639,19.99999763,3,9.87937243,0,-1E-08,2.30526235,-1E-08,4E-08,-19.66470939,-1E-08,4E-08,65.32011246,2.1E-07,-9.7E-07,0.99334861,0,0.11514577,0,0,-1.89635229,0,0,0,0,0,0,0,0,0,0,0,0,0
1.2,-14.26405367,19.99999763,3,9.92163326,0,-1E-08,1.9253162,-1E-08,4E-08,-18.31621599,-1E-08,3E-08,69.42638558,2.1E-07,-9.8E-07,0.99530899,0,0.09674713,0,0,-1.79496157,0,0,0,0,0,0,0,0,0,0,0,0,0
1.22,-14.06525989,19.99999763,3,9.95657013,0,-1E-08,1.57311926,-1E-08,4E-08,-16.89192064,0,1E-08,72.89265667,2.1E-07,-9.7E-07,0.99684134,0,0.07941879,0,0,-1.67634198,0,0,0,0,0,0,0,0,0,0,0,0,0
1.24,-13.8658359,19.99999763,3,9.98475232,0,-1E-08,1.25005653,-1E-08,4E-08,-15.40508242,0,-1E-08,75.6730225,2.1E-07,-9.6E-07,0.99799268,0,0.06332944,0,0,-1.54337817,0,0,0,0,0,0,0,0,0,0,0,0,0
1.26,-13.66591087,19.99999763,3,10.00677409,0,-1E-08,0.95723861,-1E-08,4E-08,-13.86987847,1E-08,-3E-08,77.72157986,2E-07,-9.3E-07,0.99881755,0,0.04861578,0,0,-1.39916929,0,0,0,0,0,0,0,0,0,0,0,0,0
1.28,-13.46560192,19.99999763,3,10.02324902,0,-1E-08,0.6954834,-1E-08,4E-08,-12.30140397,1E-08,-5E-08,78.99242552,2E-07,-9E-07,0.99937389,0,0.03538108,0,0,-1.24686163,0,0,0,0,0,0,0,0,0,0,0,0,0
1.3,-13.26501371,19.99999763,3,10.03480396,0,-1E-08,0.4652977,-1E-08,4E-08,-10.71567221,2E-08,-7E-08,79.43965627,1.9E-07,-8.5E-07,0.99971922,0,0.0236955,0,0,-1.08952244,0,0,0,0,0,0,0,0,0,0,0,0,0
1.32,-13.06423833,19.99999763,3,10.04207265,0,0,0.26685889,-1E-08,3E-08,-9.12961451,2E-08,-8E-08,79.01736887,1.7E-07,-7.9E-07,0.99990755,0,0.0135976,0,0,-0.93006169,0,0,0,0,0,0,0,0,0,0,0,0,0
1.34,-12.86335516,19.99999763,3,10.04568891,0,0,0.0999965,-1E-08,3E-08,-7.56108027,2E-08,-1E-07,77.67966011,1.6E-07,-7.2E-07,0.99998701,0,0.00509646,0,0,-0.77120028,0,0,0,0,0,0,0,0,0,0,0,0,0
1.36,-12.66243094,19.99999763,3,10.04627953,0,0,-0.03582606,-1E-08,3E-08,-6.02883694,2E-08,-1.1E-07,75.38062677,1.4E-07,-6.3E-07,0.99999833,0,-0.00182599,0,0,-0.61547698,0,0,0,0,0,0,0,0,0,0,0,0,0
1.38,-12.46152006,19.99999763,3,10.04445675,0,0,-0.14152995,-1E-08,3E-08,-4.55257005,3E-08,-1.3E-07,72.07436562,1.2E-07,-5.4E-07,0.99997399,0,-0.00721299,0,0,-0.46528338,0,0,0,0,0,0,0,0,0,0,0,0,0
1.4,-12.26066483,19.99999763,3,10.04081039,0,0,-0.21843919,-1E-08,3E-08,-3.15288319,3E-08,-1.3E-07,67.71497344,9E-08,-4.2E-07,0.99993804,0,-0.01113143,0,0,-0.32291561,0,0,0,0,0,0,0,0,0,0,0,0,0
1.42,-12.05989606,19.99999763,3,10.03589961,0,0,-0.26829908,0,2E-08,-1.851298,3E-08,-1.4E-07,62.25654701,6E-08,-2.9E-07,0.99990655,0,-0.01367094,0,0,-0.1906322,0,0,0,0,0,0,0,0,0,0,0,0,0
1.44,-11.85923379,19.99999763,3,10.03024429,0,0,-0.29329452,0,2E-08,-0.67025422,3E-08,-1.5E-07,55.6531831,3E-08,-1.5E-07,0.99988834,0,-0.01494374,0,0,-0.07070927,0,0,0,0,0,0,0,0,0,0,0,0,0
1.46,-11.6586881,19.99999763,3,10.02431608,0,0,-0.29606837,0,2E-08,0.36689038,3E-08,-1.5E-07,47.8589785,0,1E-08,0.99988622,0,-0.01508498,0,0,0.0345135,0,0,0,0,0,0,0,0,0,0,0,0,0
1.48,-11.45826019,19.99999763,3,10.01852901,0,0,-0.27973986,0,1E-08,1.23585996,3E-08,-1.5E-07,38.82802999,-4E-08,1.8E-07,0.99989841,0,-0.01425355,0,0,0.1226004,0,0,0,0,0,0,0,0,0,0,0,0,0
1.5,-11.25794367,19.99999763,3,10.01322985,0,0,-0.2479229,0,1E-08,1.9114606,3E-08,-1.4E-07,28.51443433,-8E-08,3.7E-07,0.9999202,0,-0.01263321,0,0,0.19100244,0,0,0,0,0,0,0,0,0,0,0,0,0
1.52,-11.05772593,19.99999763,3,10.00868796,0,0,-0.20474444,0,1E-08,2.36758033,3E-08,-1.3E-07,16.87228831,-1.3E-07,5.8E-07,0.99994557,0,-0.01043379,0,0,0.23705431,0,0,0,0,0,0,0,0,0,0,0,0,0
1.54,-10.85758987,19.99999763,3,10.00508488,0,0,-0.15486289,0,1E-08,2.57718911,3E-08,-1.2E-07,3.85568871,-1.8E-07,8.1E-07,0.99996885,0,-0.00789238,0,0,0.25798206,0,0,0,0,0,0,0,0,0,0,0,0,0
1.56,-10.6575157,19.99999763,3,10.00250354,0,0,-0.1034864,0,0,2.51233883,2E-08,-1E-07,-10.58126769,-2.3E-07,1.05E-06,0.99998609,0,-0.00527432,0,0,0.25091577,0,0,0,0,0,0,0,0,0,0,0,0,0
1.58,-10.45748307,19.99999763,3,10.00091701,0,0,-0.0563913,0,0,2.14416333,2E-08,-8E-08,-26.48448413,-2.9E-07,1.32E-06,0.99999587,0,-0.00287414,0,0,0.2129006,0,0,0,0,0,0,0,0,0,0,0,0,0
1.6,-10.25747335,19.99999763,3,10.00017706,0,0,-0.01994039,0,0,1.44287838,1E-08,-5E-08,-43.89986381,-3.5E-07,1.6E-06,0.99999948,0,-0.00101633,0,0,0.14090037,0,0,0,0,0,0,0,0,0,0,0,0,0
1.62,-10.05747219,19.99999763,3,10.00000213,0,0,-0.00110137,0,0,0.37778167,0,-1E-08,-62.87330997,-4.2E-07,1.9E-06,1,0,-5.614E-05,0,0,0.07894737,0,0,0,0,0,0,0,0,0,0,0,0,0
1.62574699,-10.00000227,19.99999763,3,10,0,0,0,0,0,0,0,0,0,0,0,1,0,0,0,0,0.00436052,0,0,0,0,0,0,0,0,0,0,0,0,0
1.62574699,-10.00000227,19.99999763,3,10,0,0,0,0,0,0,0,0,0,0,0,1,0,0,0,0,0.00640637,0,0,0,0,0,0,0,0,0,0,0,0,0
1.64574699,-9.80000223,19.99999763,3,10.00000842,0,0,0.00125693,0,0,0.12456151,0,0,6.05891278,0,0,1,0,6.406E-05,0,0,0.01258321,0,0,0,0,0,0,0,0,0,0,0,0,0
1.66574699,-9.60000161,19.99999763,3,10.00006644,0,0,0.00493765,0,0,0.24240167,0,0,5.72622775,0,0,0.99999997,0,0.00025166,0,0,0.02459774,0,0,0,0,0,0,0,0,0,0,0,0,0
1.68574699,-9.39999893,19.99999763,3,10.00022119,0,0,0.01090909,0,0,0.35365544,0,0,5.40026501,0,0,0.99999985,0,0.00055602,0,0,0.03594082,0,0,0,0,0,0,0,0,0,0,0,0,0
1.70574699,-9.19999182,19.99999763,3,10.0005172,0,0,0.01904085,0,0,0.45845674,0,0,5.08097265,0,0,0.99999953,0,0.00097048,0,0,0.04662604,0,0,0,0,0,0,0,0,0,0,0,0,0
1.72574699,-8.99997702,19.99999763,3,10.00099638,0,0,0.02920523,0,0,0.55693847,0,0,4.76829874,0,0,0.99999889,0,0.00148854,0,0,0.05666684,0,0,0,0,0,0,0,0,0,0,0,0,0
1.74574699,-8.79995048,19.99999763,3,10.00169813,0,0,0.04127714,0,0,0.64923247,0,0,4.46219137,0,0,0.99999779,0,0.00210382,0,0,0.06607652,0,0,0,0,0,0,0,0,0,0,0,0,0
1.76574699,-8.59990736,19.99999763,3,10.00265936,0,0,0.05513415,0,0,0.73546955,0,0,4.1625986,0,0,0.99999605,0,0.00281007,0,0,0.07486822,0,0,0,0,0,0,0,0,0,0,0,0,0
1.78574699,-8.39984214,19.99999763,3,10.00391459,0,0,0.07065641,0,0,0.8157795,0,0,3.86946853,0,0,0.99999352,0,0.00360117,0,0,0.08305496,0,0,0,0,0,0,0,0,0,0,0,0,0
1.80574699,-8.19974861,19.99999763,3,10.00549594,0,0,0.08772667,0,0,0.89029103,0,0,3.58274922,0,0,0.99999,0,0.00447115,0,0,0.09064961,0,0,0,0,0,0,0,0,0,0,0,0,0
1.82574699,-7.99961993,19.99999763,3,10.00743321,0,0,0.10623025,0,0,0.95913186,0,0,3.30238877,0,0,0.99998534,0,0.00541415,0,0,0.09766492,0,0,0,0,0,0,0,0,0,0,0,0,0
1.84574699,-7.79944872,19.99999763,3,10.00975396,0,0,0.12605499,0,0,1.02242863,0,0,3.02833524,0,0,0.99997936,0,0.00642442,0,0,0.10411354,0,0,0,0,0,0,0,0,0,0,0,0,0
1.86574699,-7.59922705,19.99999763,3,10.01248349,0,0,0.14709127,0,0,1.08030697,0,0,2.76053673,0,0,0.9999719,0,0.00749637,0,0,0.110008,0,0,0,0,0,0,0,0,0,0,0,0,0
1.88574699,-7.3989465,19.99999763,3,10.01564497,0,0,0.16923197,0,0,1.13289145,0,0,2.4989413,0,0,0.99996281,0,0.00862452,0,0,0.11536075,0,0,0,0,0,0,0,0,0,0,0,0,0
1.90574699,-7.19859823,19.99999763,3,10.01925943,0,0,0.19237246,0,0,1.18030563,0,0,2.24349704,0,0,0.99995194,0,0.0098035,0,0,0.12018416,0,0,0,0,0,0,0,0,0,0,0,0,0
1.92574699,-6.99817298,19.99999763,3,10.02334585,0,0,0.21641055,0,0,1.222672,0,0,1.99415202,0,0,0.99993919,0,0.01102809,0,0,0.12449051,0,0,0,0,0,0,0,0,0,0,0,0,0
1.94574699,-6.79766113,19.99999763,3,10.02792117,0,0,0.2412465,0,0,1.26011203,0,0,1.75085434,0,0,0.99992444,0,0.01229316,0,0,0.12829204,0,0,0,0,0,0,0,0,0,0,0,0,0
1.96574699,-6.59705277,19.99999763,3,10.03300038,0,0,0.26678299,0,0,1.29274614,0,0,1.51355205,0,0,0.9999076,0,0.01359373,0,0,0.13160093,0,0,0,0,0,0,0,0,0,0,0,0,0
1.98574699,-6.39633767,19.99999763,3,10.03859653,0,0,0.2929251,0,0,1.32069373,0,0,1.28219325,0,0,0.99988862,0,0.01492493,0,0,0.13442929,0,0,0,0,0,0,0,0,0,0,0,0,0
2.00574699,-6.19550539,19.99999763,3,10.04472081,0,0,0.31958028,0,0,1.34407315,0,0,1.05672602,0,0,0.99986744,0,0.01628202,0,0,0.1367892,0,0,0,0,0,0,0,0,0,0,0,0,0
2.02574699,-5.99454526,19.99999763,3,10.05138256,0,0,0.34665835,0,0,1.3630017,0,0,0.83709843,0,0,0.99984404,0,0.01766035,0,0,0.13869268,0,0,0,0,0,0,0,0,0,0,0,0,0
2.04574699,-5.79344645,19.99999763,3,10.05858937,0,0,0.37407145,0,0,1.37759567,0,0,0.62325856,0,0,0.99981843,0,0.01905544,0,0,0.14015172,0,0,0,0,0,0,0,0,0,0,0,0,0
2.06574699,-5.59219801,19.99999763,3,10.06634708,0,0,0.40173405,0,0,1.38797028,0,0,0.41515449,0,0,0.99979061,0,0.02046288,0,0,0.14117827,0,0,0,0,0,0,0,0,0,0,0,0,0
2.08574699,-5.39078887,19.99999763,3,10.07465984,0,0,0.4295629,0,0,1.39423974,0,0,0.21273431,0,0,0.99976064,0,0.02187841,0,0,0.14178422,0,0,0,0,0,0,0,0,0,0,0,0,0
2.10574699,-5.1892079,19.99999763,3,10.08353017,0,0,0.45747703,0,0,1.3965172,0,0,0.01594609,0,0,0.99972857,0,0.02329788,0,0,0.14198142,0,0,0,0,0,0,0,0,0,0,0,0,0
2.12574699,-4.98744394,19.99999763,3,10.09295897,0,0,0.48539772,0,0,1.39491479,0,0,-0.1752621,0,0,0.99969448,0,0.02471727,0,0,0.14178167,0,0,0,0,0,0,0,0,0,0,0,0,0
2.14574699,-4.78548582,19.99999763,3,10.10294561,0,0,0.51324849,0,0,1.38954357,0,0,-0.36094216,0,0,0.99965848,0,0.02613265,0,0,0.14119671,0,0,0,0,0,0,0,0,0,0,0,0,0
2.16574699,-4.58332241,19.99999763,3,10.11348794,0,0,0.54095507,0,0,1.38051361,0,0,-0.54114602,0,0,0.9996207,0,0.02754024,0,0,0.1402382,0,0,0,0,0,0,0,0,0,0,0,0,0
2.18574699,-4.38094262,19.99999763,3,10.12458237,0,0,0.56844537,0,0,1.36793389,0,0,-0.71592561,0,0,0.99958126,0,0.02893635,0,0,0.13891777,0,0,0,0,0,0,0,0,0,0,0,0,0
2.20574699,-4.17833547,19.99999763,3,10.13622385,0,0,0.59564948,0,0,1.3519124,0,0,-0.88533284,0,0,0.99954032,0,0.03031743,0,0,0.13724693,0,0,0,0,0,0,0,0,0,0,0,0,0
2.22574699,-3.97549006,19.99999763,3,10.14840599,0,0,0.62249964,0,0,1.33255605,0,0,-1.04941963,0,0,0.99949806,0,0.03168003,0,0,0.13523713,0,0,0,0,0,0,0,0,0,0,0,0,0
2.24574699,-3.77239567,19.99999763,3,10.16112104,0,0,0.6489302,0,0,1.30997074,0,0,-1.2082379,0,0,0.99945466,0,0.03302081,0,0,0.13289973,0,0,0,0,0,0,0,0,0,0,0,0,0
2.26574699,-3.56904173,19.99999763,3,10.17435997,0,0,0.67487764,0,0,1.28426131,0,0,-1.36183958,0,0,0.99941033,0,0.03433657,0,0,0.13024596,0,0,0,0,0,0,0,0,0,0,0,0,0
2.28574699,-3.36541785,19.99999763,3,10.18811251,0,0,0.70028051,0,0,1.25553158,0,0,-1.51027659,0,0,0.99936526,0,0.0356242,0,0,0.12728697,0,0,0,0,0,0,0,0,0,0,0,0,0
2.30574699,-3.16151388,19.99999763,3,10.20236717,0,0,0.72507945,0,0,1.22388433,0,0,-1.65360084,0,0,0.99931968,0,0.0368807,0,0,0.12403378,0,0,0,0,0,0,0,0,0,0,0,0,0
2.32574699,-2.9573199,19.99999763,3,10.21711128,0,0,0.74921712,0,0,1.18942129,0,0,-1.79186425,0,0,0.99927381,0,0.03810319,0,0,0.12049728,0,0,0,0,0,0,0,0,0,0,0,0,0
2.34574699,-2.75282626,19.99999763,3,10.23233107,0,0,0.7726382,0,0,1.15224315,0,0,-1.92511875,0,0,0.99922789,0,0.03928889,0,0,0.11668822,0,0,0,0,0,0,0,0,0,0,0,0,0
2.36574699,-2.54802358,19.99999763,3,10.24801168,0,0,0.79528941,0,0,1.11244959,0,0,-2.05341626,0,0,0.99918216,0,0.04043515,0,0,0.11261722,0,0,0,0,0,0,0,0,0,0,0,0,0
2.38574699,-2.34290282,19.99999763,3,10.26413718,0,0,0.81711941,0,0,1.0701392,0,0,-2.1768087,0,0,0.99913687,0,0.0415394,0,0,0.10829475,0,0,0,0,0,0,0,0,0,0,0,0,0
2.40574699,-2.13745524,19.99999763,3,10.28069065,0,0,0.83807885,0,0,1.02540959,0,0,-2.29534798,0,0,0.99909224,0,0.04259918,0,0,0.10373112,0,0,0,0,0,0,0,0,0,0,0,0,0
2.42574699,-1.93167246,19.99999763,3,10.29765421,0,0,0.85812031,0,0,0.97835729,0,0,-2.40908604,0,0,0.99904854,0,0.04361214,0,0,0.09893646,0,0,0,0,0,0,0,0,0,0,0,0,0
2.44574699,-1.72554647,19.99999763,3,10.31500904,0,0,0.87719829,0,0,0.92907781,0,0,-2.51807478,0,0,0.99900599,0,0.04457602,0,0,0.09392077,0,0,0,0,0,0,0,0,0,0,0,0,0
2.46574699,-1.51906962,19.99999763,3,10.33273543,0,0,0.8952692,0,0,0.87766562,0,0,-2.62236614,0,0,0.99896485,0,0.04548869,0,0,0.08869386,0,0,0,0,0,0,0,0,0,0,0,0,0
2.48574699,-1.31223471,19.99999763,3,10.35081281,0,0,0.91229132,0,0,0.82421414,0,0,-2.72201203,0,0,0.99892535,0,0.04634807,0,0,0.08326536,0,0,0,0,0,0,0,0,0,0,0,0,0
2.50574699,-1.10503491,19.99999763,3,10.36921982,0,0,0.92822479,0,0,0.76881576,0,0,-2.81706436,0,0,0.99888772,0,0.04715221,0,0,0.07764472,0,0,0,0,0,0,0,0,0,0,0,0,0
2.52574699,-0.89746387,19.99999763,3,10.38793429,0,0,0.94303158,0,0,0.71156184,0,0,-2.90757507,0,0,0.99885217,0,0.04789924,0,0,0.07184124,0,0,0,0,0,0,0,0,0,0,0,0,0
2.54574699,-0.68951565,19.99999763,3,10.40693333,0,0,0.95667549,0,0,0.65254269,0,0,-2.99359608,0,0,0.99881894,0,0.04858738,0,0,0.065864,0,0,0,0,0,0,0,0,0,0,0,0,0
2.56574699,-0.48118479,19.99999763,3,10.42619333,0,0,0.96912212,0,0,0.59184758,0,0,-3.07517929,0,0,0.99878821,0,0.04921496,0,0,0.05972194,0,0,0,0,0,0,0,0,0,0,0,0,0
2.58574699,-0.27246633,19.99999763,3,10.44569002,0,0,0.98033881,0,0,0.52956476,0,0,-3.15237665,0,0,0.99876019,0,0.04978038,0,0,0.05342379,0,0,0,0,0,0,0,0,0,0,0,0,0
2.60574699,-0.06335578,19.99999763,3,10.46539848,0,0,0.9902947,0,0,0.46578141,0,0,-3.22524005,0,0,0.99873505,0,0.05028212,0,0,0.04697812,0,0,0,0,0,0,0,0,0,0,0,0,0
2.62574699,0.14615085,19.99999763,3,10.4852932,0,0,0.99896064,0,0,0.4005837,0,0,-3.29382143,0,0,0.99871298,0,0.05071875,0,0,0.04039332,0,0,0,0,0,0,0,0,0,0,0,0,0
2.64574699,0.35605702,19.99999763,3,10.50534812,0,0,1.00630919,0,0,0.33405675,0,0,-3.35817271,0,0,0.99869411,0,0.05108894,0,0,0.03367761,0,0,0,0,0,0,0,0,0,0,0,0,0
2.66574699,0.56636566,19.99999763,3,10.52553662,0,0,1.01231461,0,0,0.26628465,0,0,-3.41834581,0,0,0.99867859,0,0.05139143,0,0,0.02683905,0,0,0,0,0,0,0,0,0,0,0,0,0
2.68574699,0.77707919,19.99999763,3,10.54583159,0,0,1.01695283,0,0,0.19735043,0,0,-3.47439264,0,0,0.99866654,0,0.05162502,0,0,0.01988551,0,0,0,0,0,0,0,0,0,0,0,0,0
2.70574699,0.98819945,19.99999763,3,10.56620547,0,0,1.02020143,0,0,0.1273361,0,0,-3.52636513,0,0,0.99865807,0,0.05178861,0,0,0.01282475,0,0,0,0,0,0,0,0,0,0,0,0,0
2.72574699,1.19972775,19.99999763,3,10.58663024,0,0,1.02203961,0,0,0.05632264,0,0,-3.5743152,0,0,0.99865327,0,0.05188117,0,0,0.00566434,0,0,0,0,0,0,0,0,0,0,0,0,0
2.74574699,1.41166481,19.99999763,3,10.60707752,0,0,1.0224482,0,0,-0.01561003,0,0,-3.61829477,0,0,0.9986522,0,0.05190174,0,0,-0.00158828,0,0,0,0,0,0,0,0,0,0,0,0,0
2.76574699,1.62401081,19.99999763,3,10.62751852,0,0,1.02140961,0,0,-0.08838303,0,0,-3.65835576,0,0,0.99865491,0,0.05184944,0,0,-0.00892581,0,0,0,0,0,0,0,0,0,0,0,0,0
2.78574699,1.83676532,19.99999763,3,10.64792415,0,0,1.0189078,0,0,-0.16191849,0,0,-3.69455008,0,0,0.99866145,0,0.05172346,0,0,-0.01634107,0,0,0,0,0,0,0,0,0,0,0,0,0
2.80574699,2.04992734,19.99999763,3,10.66826498,0,0,1.0149283,0,0,-0.2361396,0,0,-3.72692967,0,0,0.99867181,0,0.05152306,0,0,-0.02382701,0,0,0,0,0,0,0,0,0,0,0,0,0
2.82574699,2.26349529,19.99999763,3,10.68851134,0,0,1.00945815,0,0,-0.31097059,0,0,-3.75554645,0,0,0.99868598,0,0.05124756,0,0,-0.03137669,0,0,0,0,0,0,0,0,0,0,0,0,0
2.84574699,2.47746697,19.99999763,3,10.7086333,0,0,1.00248591,0,0,-0.38633672,0,0,-3.78045232,0,0,0.99870394,0,0.05089635,0,0,-0.03898328,0,0,0,0,0,0,0,0,0,0,0,0,0
2.86574699,2.69183959,19.99999763,3,10.7286007,0,0,0.99400161,0,0,-0.46216429,0,0,-3.80169922,0,0,0.99872563,0,0.0504689,0,0,-0.04664003,0,0,0,0,0,0,0,0,0,0,0,0,0
2.88574699,2.90660976,19.99999763,3,10.74838322,0,0,0.98399674,0,0,-0.53838064,0,0,-3.81933906,0,0,0.99875098,0,0.04996474,0,0,-0.05434029,0,0,0,0,0,0,0,0,0,0,0,0,0
2.90574699,3.12177348,19.99999763,3,10.76795038,0,0,0.97246427,0,0,-0.61491415,0,0,-3.83342377,0,0,0.99877989,0,0.04938345,0,0,-0.06207748,0,0,0,0,0,0,0,0,0,0,0,0,0
2.92574699,3.33732614,19.99999763,3,10.78727157,0,0,0.95939853,0,0,-0.69169423,0,0,-3.84400526,0,0,0.99881225,0,0.0487247,0,0,-0.0698451,0,0,0,0,0,0,0,0,0,0,0,0,0
2.94574699,3.5532625,19.99999763,3,10.80631608,0,0,0.94479532,0,0,-0.76865135,0,0,-3.85113546,0,0,0.9988479,0,0.0479882,0,0,-0.07763669,0,0,0,0,0,0,0,0,0,0,0,0,0
2.96574699,3.76957673,19.99999763,3,10.82505311,0,0,0.92865176,0,0,-0.84571699,0,0,-3.85486628,0,0,0.9988867,0,0.04717375,0,0,-0.08544587,0,0,0,0,0,0,0,0,0,0,0,0,0
2.98574699,3.98626237,19.99999763,3,10.84345187,0,0,0.91096636,0,0,-0.92282369,0,0,-3.85524965,0,0,0.99892845,0,0.04628119,0,0,-0.09326627,0,0,0,0,0,0,0,0,0,0,0,0,0
3.00574699,4.20331234,19.99999763,3,10.86148149,0,0,0.89173898,0,0,-0.99990501,0,0,-3.85233749,0,0,0.99897296,0,0.04531042,0,0,-0.10109156,0,0,0,0,0,0,0,0,0,0,0,0,0
3.02574699,4.42071896,19.99999763,3,10.87911115,0,0,0.87097077,0,0,-1.07689556,0,0,-3.84618171,0,0,0.99901998,0,0.04426143,0,0,-0.10891546,0,0,0,0,0,0,0,0,0,0,0,0,0
3.04574699,4.63847392,19.99999763,3,10.89631006,0,0,0.84866419,0,0,-1.153731,0,0,-3.83683425,0,0,0.99906929,0,0.04313424,0,0,-0.11673168,0,0,0,0,0,0,0,0,0,0,0,0,0
3.06574699,4.85656829,19.99999763,3,10.91304749,0,0,0.82482298,0,0,-1.230348,0,0,-3.82434701,0,0,0.99912059,0,0.04192896,0,0,-0.12453396,0,0,0,0,0,0,0,0,0,0,0,0,0
3.08574699,5.07499254,19.99999763,3,10.92929279,0,0,0.79945214,0,0,-1.30668429,0,0,-3.80877193,0,0,0.99917362,0,0.04064575,0,0,-0.13231604,0,0,0,0,0,0,0,0,0,0,0,0,0
3.10574699,5.29373652,19.99999763,3,10.94501542,0,0,0.77255789,0,0,-1.38267864,0,0,-3.79016091,0,0,0.99922805,0,0.03928483,0,0,-0.14007163,0,0,0,0,0,0,0,0,0,0,0,0,0
3.12574699,5.51278947,19.99999763,3,10.96018499,0,0,0.74414768,0,0,-1.45827083,0,0,-3.76856589,0,0,0.99928357,0,0.03784648,0,0,-0.14779449,0,0,0,0,0,0,0,0,0,0,0,0,0
3.14574699,5.73214003,19.99999763,3,10.97477128,0,0,0.71423014,0,0,-1.53340172,0,0,-3.74403878,0,0,0.99933981,0,0.03633105,0,0,-0.15547832,0,0,0,0,0,0,0,0,0,0,0,0,0
3.16574699,5.95177623,19.99999763,3,10.98874422,0,0,0.68281507,0,0,-1.60801318,0,0,-3.7166315,0,0,0.99939642,0,0.03473896,0,0,-0.16311681,0,0,0,0,0,0,0,0,0,0,0,0,0
3.18574699,6.17168551,19.99999763,3,11.00207397,0,0,0.64991345,0,0,-1.68204813,0,0,-3.68639597,0,0,0.99945302,0,0.03307068,0,0,-0.17070367,0,0,0,0,0,0,0,0,0,0,0,0,0
3.20574699,6.3918547,19.99999763,3,11.01473092,0,0,0.61553736,0,0,-1.75545051,0,0,-3.65338412,0,0,0.9995092,0,0.03132675,0,0,-0.17823253,0,0,0,0,0,0,0,0,0,0,0,0,0
3.22574699,6.61227006,19.99999763,3,11.02668572,0,0,0.57970002,0,0,-1.82816533,0,0,-3.61764786,0,0,0.99956455,0,0.02950778,0,0,-0.18569705,0,0,0,0,0,0,0,0,0,0,0,0,0
3.24574699,6.83291726,19.99999763,3,11.03790928,0,0,0.5424157,0,0,-1.90013861,0,0,-3.57923912,0,0,0.99961865,0,0.02761443,0,0,-0.19309083,0,0,0,0,0,0,0,0,0,0,0,0,0
3.26574699,7.05378137,19.99999763,3,11.04837281,0,0,0.50369977,0,0,-1.97131743,0,0,-3.53820982,0,0,0.99967105,0,0.02564743,0,0,-0.20040748,0,0,0,0,0,0,0,0,0,0,0,0,0
3.28574699,7.27484691,19.99999763,3,11.05804783,0,0,0.46356864,0,0,-2.04164988,0,0,-3.49461187,0,0,0.9997213,0,0.0236076,0,0,-0.20764056,0,0,0,0,0,0,0,0,0,0,0,0,0
3.30574699,7.49609784,19.99999763,3,11.06690623,0,0,0.42203975,0,0,-2.11108512,0,0,-3.44849719,0,0,0.99976894,0,0.02149578,0,0,-0.21478362,0,0,0,0,0,0,0,0,0,0,0,0,0
3.32574699,7.71751753,19.99999763,3,11.07492023,0,0,0.37913155,0,0,-2.17957334,0,0,-3.39991772,0,0,0.99981349,0,0.01931292,0,0,-0.22183022,0,0,0,0,0,0,0,0,0,0,0,0,0
3.34574699,7.93908883,19.99999763,3,11.08206243,0,0,0.33486346,0,0,-2.24706575,0,0,-3.34892536,0,0,0.99985447,0,0.01706,0,0,-0.22877387,0,0,0,0,0,0,0,0,0,0,0,0,0
3.36574699,8.16079404,19.99999763,3,11.08830584,0,0,0.28925588,0,0,-2.31351461,0,0,-3.29557205,0,0,0.99989139,0,0.01473811,0,0,-0.2356081,0,0,0,0,0,0,0,0,0,0,0,0,0
3.38574699,8.3826149,19.99999763,3,11.09362388,0,0,0.24233014,0,0,-2.37887323,0,0,-3.23990969,0,0,0.99992376,0,0.01234835,0,0,-0.24232645,0,0,0,0,0,0,0,0,0,0,0,0,0
3.40574699,8.60453265,19.99999763,3,11.0979904,0,0,0.19410852,0,0,-2.44309595,0,0,-3.18199021,0,0,0.99995107,0,0.00989195,0,0,-0.24892245,0,0,0,0,0,0,0,0,0,0,0,0,0
3.42574699,8.826528,19.99999763,3,11.10137973,0,0,0.14461418,0,0,-2.50613814,0,0,-3.12186553,0,0,0.99997284,0,0.00737015,0,0,-0.25538966,0,0,0,0,0,0,0,0,0,0,0,0,0
3.44574699,9.04858115,19.99999763,3,11.10376665,0,0,0.09387116,0,0,-2.56795622,0,0,-3.05958758,0,0,0.99998856,0,0.0047843,0,0,-0.26172167,0,0,0,0,0,0,0,0,0,0,0,0,0
3.46574699,9.27067182,19.99999763,3,11.10512642,0,0,0.04190437,0,0,-2.62850764,0,0,-2.99520827,0,0,0.99999772,0,0.00213578,0,0,-0.26791212,0,0,0,0,0,0,0,0,0,0,0,0,0
3.48574699,9.4927792,19.99999763,3,11.10543483,0,0,-0.01126043,0,0,-2.68775089,0,0,-2.92877952,0,0,0.99999984,0,-0.00057393,0,0,-0.27395467,0,0,0,0,0,0,0,0,0,0,0,0,0
3.50574699,9.71488204,19.99999763,3,11.10466819,0,0,-0.06559667,0,0,-2.7456455,0,0,-2.86035325,0,0,0.99999441,0,-0.0033433,0,0,-0.27984308,0,0,0,0,0,0,0,0,0,0,0,0,0
3.52574699,9.93695861,19.99999763,3,11.10280334,0,0,-0.12107699,0,0,-2.80215204,0,0,-2.78998139,0,0,0.99998096,0,-0.00617075,0,0,-0.28557117,0,0,0,0,0,0,0,0,0,0,0,0,0
3.54574699,10.1589867,19.99999763,3,11.09981767,0,0,-0.17767324,0,0,-2.85723213,0,0,-2.71771585,0,0,0.99995901,0,-0.00905461,0,0,-0.29113286,0,0,0,0,0,0,0,0,0,0,0,0,0
3.56574699,10.3809437,19.99999763,3,11.09568916,0,0,-0.23535652,0,0,-2.9108484,0,0,-2.64360856,0,0,0.99992808,0,-0.01199316,0,0,-0.29652217,0,0,0,0,0,0,0,0,0,0,0,0,0
3.58574699,10.60280651,19.99999763,3,11.09039636,0,0,-0.29409718,0,0,-2.96296454,0,0,-2.56771143,0,0,0.99988772,0,-0.01498461,0,0,-0.30173325,0,0,0,0,0,0,0,0,0,0,0,0,0
3.60574699,10.82455165,19.99999763,3,11.08391843,0,0,-0.35386487,0,0,-3.01354527,0,0,-2.49007639,0,0,0.9998375,0,-0.01802713,0,0,-0.30676038,0,0,0,0,0,0,0,0,0,0,0,0,0
3.62574699,11.04615521,19.99999763,3,11.07623513,0,0,-0.41462853,0,0,-3.06255636,0,0,-2.41075536,0,0,0.99977697,0,-0.02111881,0,0,-0.311598,0,0,0,0,0,0,0,0,0,0,0,0,0
3.64574699,11.26759289,19.99999763,3,11.06732686,0,0,-0.47635643,0,0,-3.10996459,0,0,-2.32980025,0,0,0.99970574,0,-0.02425769,0,0,-0.31624074,0,0,0,0,0,0,0,0,0,0,0,0,0
3.66574699,11.48883999,19.99999763,3,11.05717466,0,0,-0.53901621,0,0,-3.15573782,0,0,-2.247263,0,0,0.9996234,0,-0.02744175,0,0,-0.32068337,0,0,0,0,0,0,0,0,0,0,0,0,0
3.68574699,11.70987146,19.99999763,3,11.04576022,0,0,-0.60257484,0,0,-3.19984491,0,0,-2.16319551,0,0,0.9995296,0,-0.03066893,0,0,-0.32492091,0,0,0,0,0,0,0,0,0,0,0,0,0
3.70574699,11.93066187,19.99999763,3,11.0330659,0,0,-0.6669987,0,0,-3.24225578,0,0,-2.07764971,0,0,0.99942397,0,-0.0339371,0,0,-0.32894858,0,0,0,0,0,0,0,0,0,0,0,0,0
3.72574699,12.15118545,19.99999763,3,11.01907473,0,0,-0.73225357,0,0,-3.28294139,0,0,-1.99067752,0,0,0.9993062,0,-0.03724409,0,0,-0.33276184,0,0,0,0,0,0,0,0,0,0,0,0,0
3.74574699,12.3714161,19.99999763,3,11.00377044,0,0,-0.79830466,0,0,-3.32187372,0,0,-1.90233087,0,0,0.99917598,0,-0.0405877,0,0,-0.33635639,0,0,0,0,0,0,0,0,0,0,0,0,0
3.76574699,12.59132741,19.99999763,3,10.98713747,0,0,-0.86511665,0,0,-3.35902581,0,0,-1.81266166,0,0,0.99903304,0,-0.04396566,0,0,-0.33972823,0,0,0,0,0,0,0,0,0,0,0,0,0
3.78574699,12.81089264,19.99999763,3,10.96916095,0,0,-0.93265365,0,0,-3.39437172,0,0,-1.72172183,0,0,0.99887714,0,-0.04737568,0,0,-0.3428736,0,0,0,0,0,0,0,0,0,0,0,0,0
3.80574699,13.03008479,19.99999763,3,10.94982673,0,0,-1.00087931,0,0,-3.42788656,0,0,-1.62956329,0,0,0.99870806,0,-0.05081541,0,0,-0.34578907,0,0,0,0,0,0,0,0,0,0,0,0,0
3.82574699,13.24887657,19.99999763,3,10.92912143,0,0,-1.06975675,0,0,-3.45954647,0,0,-1.53623797,0,0,0.99852562,0,-0.0542825,0,0,-0.3484715,0,0,0,0,0,0,0,0,0,0,0,0,0
3.84574699,13.46724043,19.99999763,3,10.90703237,0,0,-1.13924865,0,0,-3.48932864,0,0,-1.44179778,0,0,0.99832966,0,-0.05777455,0,0,-0.35091807,0,0,0,0,0,0,0,0,0,0,0,0,0
3.86574699,13.68514856,19.99999763,3,10.88354764,0,0,-1.20931723,0,0,-3.51721129,0,0,-1.34629464,0,0,0.99812005,0,-0.06128912,0,0,-0.35312629,0,0,0,0,0,0,0,0,0,0,0,0,0
3.88574699,13.90257295,19.99999763,3,10.85865609,0,0,-1.2799243,0,0,-3.54317369,0,0,-1.24978048,0,0,0.99789673,0,-0.06482378,0,0,-0.35509401,0,0,0,0,0,0,0,0,0,0,0,0,0
3.90574699,14.11948536,19.99999763,3,10.83234733,0,0,-1.35103125,0,0,-3.56719612,0,0,-1.15230721,0,0,0.99765962,0,-0.06837605,0,0,-0.35681944,0,0,0,0,0,0,0,0,0,0,0,0,0
3.92574699,14.33585733,19.99999763,3,10.80461176,0,0,-1.42259909,0,0,-3.58925993,0,0,-1.05392677,0,0,0.99740871,0,-0.07194345,0,0,-0.35830113,0,0,0,0,0,0,0,0,0,0,0,0,0
3.94574699,14.55166026,19.99999763,3,10.77544056,0,0,-1.49458847,0,0,-3.60934749,0,0,-0.95469105,0,0,0.99714402,0,-0.07552348,0,0,-0.35953799,0,0,0,0,0,0,0,0,0,0,0,0,0
3.96574699,14.76686533,19.99999763,3,10.74482568,0,0,-1.5669597,0,0,-3.62744221,0,0,-0.854652,0,0,0.9968656,0,-0.07911365,0,0,-0.36052928,0,0,0,0,0,0,0,0,0,0,0,0,0
3.98574699,14.98144361,19.99999763,3,10.71275989,0,0,-1.63967277,0,0,-3.64352856,0,0,-0.75386153,0,0,0.99657354,0,-0.08271145,0,0,-0.36127464,0,0,0,0,0,0,0,0,0,0,0,0,0
4.00574699,15.19536601,19.99999763,3,10.67923676,0,0,-1.71268736,0,0,-3.65759201,0,0,-0.65237155,0,0,0.99626795,0,-0.08631437,0,0,-0.36177408,0,0,0,0,0,0,0,0,0,0,0,0,0
4.02574699,15.40860333,19.99999763,3,10.64425066,0,0,-1.78596287,0,0,-3.6696191,0,0,-0.550234,0,0,0.995949,0,-0.08991991,0,0,-0.36202794,0,0,0,0,0,0,0,0,0,0,0,0,0
4.04574699,15.62112625,19.99999763,3,10.60779678,0,0,-1.85945846,0,0,-3.6795974,0,0,-0.44750078,0,0,0.99561688,0,-0.09352558,0,0,-0.36203696,0,0,0,0,0,0,0,0,0,0,0,0,0
4.06574699,15.83290539,19.99999763,3,10.56987113,0,0,-1.93313303,0,0,-3.68751551,0,0,-0.34422383,0,0,0.99527181,0,-0.0971289,0,0,-0.36180219,0,0,0,0,0,0,0,0,0,0,0,0,0
4.08574699,16.04391126,19.99999763,3,10.53047054,0,0,-2.00694528,0,0,-3.69336308,0,0,-0.24045506,0,0,0.99491406,0,-0.1007274,0,0,-0.36132506,0,0,0,0,0,0,0,0,0,0,0,0,0
4.10574699,16.25411436,19.99999763,3,10.48959267,0,0,-2.08085369,0,0,-3.69713078,0,0,-0.13624639,0,0,0.99454393,0,-0.10431863,0,0,-0.36060731,0,0,0,0,0,0,0,0,0,0,0,0,0
4.12574699,16.46348511,19.99999763,3,10.44723603,0,0,-2.15481659,0,0,-3.69881034,0,0,-0.03164974,0,0,0.99416173,0,-0.10790018,0,0,-0.35965105,0,0,0,0,0,0,0,0,0,0,0,0,0
4.14574699,16.67199394,19.99999763,3,10.40339993,0,0,-2.22879214,0,0,-3.69839453,0,0,0.07328296,0,0,0.99376784,0,-0.11146965,0,0,-0.35845866,0,0,0,0,0,0,0,0,0,0,0,0,0
4.16574699,16.87961125,19.99999763,3,10.35808454,0,0,-2.30273836,0,0,-3.69587713,0,0,0.1784998,0,0,0.99336264,0,-0.11502466,0,0,-0.35703287,0,0,0,0,0,0,0,0,0,0,0,0,0
4.18574699,17.08630746,19.99999763,3,10.31129087,0,0,-2.37661318,0,0,-3.69125299,0,0,0.28394885,0,0,0.99294654,0,-0.1185629,0,0,-0.35537666,0,0,0,0,0,0,0,0,0,0,0,0,0
4.20574699,17.29205304,19.99999763,3,10.26302077,0,0,-2.45037441,0,0,-3.68451798,0,0,0.3895782,0,0,0.99252001,0,-0.12208206,0,0,-0.35349332,0,0,0,0,0,0,0,0,0,0,0,0,0
4.22574699,17.49681847,19.99999763,3,10.21327693,0,0,-2.5239798,0,0,-3.67566901,0,0,0.49533592,0,0,0.99208351,0,-0.12557988,0,0,-0.35138639,0,0,0,0,0,0,0,0,0,0,0,0,0
4.24574699,17.70057432,19.99999763,3,10.1620629,0,0,-2.59738706,0,0,-3.66470403,0,0,0.60117009,0,0,0.99163755,0,-0.12905414,0,0,-0.34905965,0,0,0,0,0,0,0,0,0,0,0,0,0
4.26574699,17.90329121,19.99999763,3,10.10938305,0,0,-2.67055385,0,0,-3.65162204,0,0,0.7070288,0,0,0.99118265,0,-0.13250269,0,0,-0.34651712,0,0,0,0,0,0,0,0,0,0,0,0,0
4.28574699,18.1049399,19.99999763,3,10.05524263,0,0,-2.74343783,0,0,-3.63642306,0,0,0.81286012,0,0,0.99071935,0,-0.13592338,0,0,-0.34376301,0,0,0,0,0,0,0,0,0,0,0,0,0
4.30574699,18.30549122,19.99999763,3,9.99964771,0,0,-2.81599666,0,0,-3.61910816,0,0,0.91861213,0,0,0.99024824,0,-0.13931414,0,0,-0.34080175,0,0,0,0,0,0,0,0,0,0,0,0,0
4.32574699,18.50491616,19.99999763,3,9.94260521,0,0,-2.88818806,0,0,-3.59967945,0,0,1.02423291,0,0,0.98976989,0,-0.14267295,0,0,-0.33763791,0,0,0,0,0,0,0,0,0,0,0,0,0
4.34574699,18.70318583,19.99999763,3,9.88412291,0,0,-2.95996977,0,0,-3.57814007,0,0,1.12967054,0,0,0.98928491,0,-0.14599782,0,0,-0.33427624,0,0,0,0,0,0,0,0,0,0,0,0,0
4.36574699,18.90027153,19.99999763,3,9.82420943,0,0,-3.03129962,0,0,-3.5544942,0,0,1.2348731,0,0,0.98879393,0,-0.14928684,0,0,-0.33072161,0,0,0,0,0,0,0,0,0,0,0,0,0
4.38574699,19.09614473,19.99999763,3,9.76287422,0,0,-3.10213553,0,0,-3.52874706,0,0,1.33978867,0,0,0.98829759,0,-0.15253814,0,0,-0.32697899,0,0,0,0,0,0,0,0,0,0,0,0,0
4.40574699,19.29077709,19.99999763,3,9.70012758,0,0,-3.17243554,0,0,-3.50090491,0,0,1.44436532,0,0,0.98779652,0,-0.1557499,0,0,-0.32305346,0,0,0,0,0,0,0,0,0,0,0,0,0
4.42574699,19.4841405,19.99999763,3,9.63598065,0,0,-3.24215781,0,0,-3.47097505,0,0,1.54855115,0,0,0.9872914,0,-0.15892037,0,0,-0.31895019,0,0,0,0,0,0,0,0,0,0,0,0,0
4.44574699,19.67620706,19.99999763,3,9.5704454,0,0,-3.31126068,0,0,-3.43896581,0,0,1.65229422,0,0,0.9867829,0,-0.16204784,0,0,-0.31467438,0,0,0,0,0,0,0,0,0,0,0,0,0
4.46574699,19.86694914,19.99999763,3,9.50353463,0,0,-3.37970264,0,0,-3.40488658,0,0,1.75554261,0,0,0.9862717,0,-0.16513069,0,0,-0.31023127,0,0,0,0,0,0,0,0,0,0,0,0,0
4.48574699,20.05633937,19.99999763,3,9.43526198,0,0,-3.44744241,0,0,-3.36874775,0,0,1.85824442,0,0,0.98575847,0,-0.1681673,0,0,-0.30562613,0,0,0,0,0,0,0,0,0,0,0,0,0
4.50574699,20.24435064,19.99999763,3,9.36564189,0,0,-3.5144389,0,0,-3.33056079,0,0,1.9603477,0,0,0.98524391,0,-0.17115617,0,0,-0.30086424,0,0,0,0,0,0,0,0,0,0,0,0,0
4.52574699,20.43095616,19.99999763,3,9.29468965,0,0,-3.58065127,0,0,-3.29033818,0,0,2.06180055,0,0,0.98472872,0,-0.17409581,0,0,-0.29595084,0,0,0,0,0,0,0,0,0,0,0,0,0
4.54574699,20.61612945,19.99999763,3,9.22242134,0,0,-3.64603894,0,0,-3.24809345,0,0,2.16255105,0,0,0.98421358,0,-0.17698481,0,0,-0.29089116,0,0,0,0,0,0,0,0,0,0,0,0,0
4.56574699,20.79984435,19.99999763,3,9.14885386,0,0,-3.71056162,0,0,-3.20384117,0,0,2.26254727,0,0,0.9836992,0,-0.17982181,0,0,-0.28569037,0,0,0,0,0,0,0,0,0,0,0,0,0
4.58574699,20.98207506,19.99999763,3,9.07400491,0,0,-3.77417931,0,0,-3.15759694,0,0,2.36173729,0,0,0.98318626,0,-0.1826055,0,0,-0.28035361,0,0,0,0,0,0,0,0,0,0,0,0,0
4.60574699,21.16279613,19.99999763,3,8.99789298,0,0,-3.83685233,0,0,-3.1093774,0,0,2.46006919,0,0,0.98267547,0,-0.18533463,0,0,-0.27488591,0,0,0,0,0,0,0,0,0,0,0,0,0
4.62574699,21.34198249,19.99999763,3,8.92053737,0,0,-3.89854135,0,0,-3.05920024,0,0,2.55749105,0,0,0.9821675,0,-0.188008,0,0,-0.26929223,0,0,0,0,0,0,0,0,0,0,0,0,0
4.64574699,21.51960947,19.99999763,3,8.84195815,0,0,-3.95920741,0,0,-3.00708417,0,0,2.65395096,0,0,0.98166304,0,-0.19062445,0,0,-0.26357743,0,0,0,0,0,0,0,0,0,0,0,0,0
4.66574699,21.6956528,19.99999763,3,8.76217615,0,0,-4.01881193,0,0,-2.95304896,0,0,2.74939698,0,0,0.98116276,0,-0.1931829,0,0,-0.25774628,0,0,0,0,0,0,0,0,0,0,0,0,0
4.68574699,21.87008864,19.99999763,3,8.681213,0,0,-4.07731672,0,0,-2.8971154,0,0,2.8437772,0,0,0.98066734,0,-0.1956823,0,0,-0.2518034,0,0,0,0,0,0,0,0,0,0,0,0,0
4.70574699,22.04289359,19.99999763,3,8.59909107,0,0,-4.13468403,0,0,-2.83930532,0,0,2.9370397,0,0,0.98017744,0,-0.19812163,0,0,-0.24575331,0,0,0,0,0,0,0,0,0,0,0,0,0
4.72574699,22.21404471,19.99999763,3,8.51583347,0,0,-4.19087657,0,0,-2.7796416,0,0,3.02913256,0,0,0.97969371,0,-0.20049996,0,0,-0.23960038,0,0,0,0,0,0,0,0,0,0,0,0,0
4.74574699,22.38351952,19.99999763,3,8.43146408,0,0,-4.2458575,0,0,-2.71814816,0,0,3.12000386,0,0,0.97921679,0,-0.20281636,0,0,-0.23334885,0,0,0,0,0,0,0,0,0,0,0,0,0
4.76574699,22.55129603,19.99999763,3,8.34600749,0,0,-4.29959047,0,0,-2.65484994,0,0,3.20960167,0,0,0.97874732,0,-0.20506997,0,0,-0.2270028,0,0,0,0,0,0,0,0,0,0,0,0,0
4.78574699,22.71735274,19.99999763,3,8.25948902,0,0,-4.35203964,0,0,-2.58977293,0,0,3.29787408,0,0,0.9782859,0,-0.20725995,0,0,-0.22056618,0,0,0,0,0,0,0,0,0,0,0,0,0
4.80574699,22.88166868,19.99999763,3,8.1719347,0,0,-4.4031697,0,0,-2.52294416,0,0,3.38476917,0,0,0.97783317,0,-0.20938553,0,0,-0.21404275,0,0,0,0,0,0,0,0,0,0,0,0,0
4.82574699,23.0442234,19.99999763,3,8.08337126,0,0,-4.45294591,0,0,-2.45439169,0,0,3.470235,0,0,0.97738969,0,-0.21144594,0,0,-0.20743615,0,0,0,0,0,0,0,0,0,0,0,0,0
4.84574699,23.20499699,19.99999763,3,7.99382612,0,0,-4.50133407,0,0,-2.38414463,0,0,3.55421968,0,0,0.97695607,0,-0.21344047,0,0,-0.20074983,0,0,0,0,0,0,0,0,0,0,0,0,0
4.86574699,23.36397009,19.99999763,3,7.90332738,0,0,-4.5483006,0,0,-2.31223313,0,0,3.63667126,0,0,0.97653286,0,-0.21536844,0,0,-0.19398709,0,0,0,0,0,0,0,0,0,0,0,0,0
4.88574699,23.52112392,19.99999763,3,7.81190379,0,0,-4.59381251,0,0,-2.23868835,0,0,3.71753784,0,0,0.97612063,0,-0.2172292,0,0,-0.18715106,0,0,0,0,0,0,0,0,0,0,0,0,0
4.90574699,23.67644027,19.99999763,3,7.71958479,0,0,-4.63783746,0,0,-2.16354252,0,0,3.7967675,0,0,0.9757199,0,-0.21902211,0,0,-0.18024471,0,0,0,0,0,0,0,0,0,0,0,0,0
4.92574699,23.82990154,19.99999763,3,7.62640042,0,0,-4.68034376,0,0,-2.08682891,0,0,3.8743083,0,0,0.9753312,0,-0.22074659,0,0,-0.17327084,0,0,0,0,0,0,0,0,0,0,0,0,0
4.94574699,23.98149072,19.99999763,3,7.53238137,0,0,-4.72130039,0,0,-2.0085818,0,0,3.95010833,0,0,0.97495504,0,-0.22240206,0,0,-0.1662321,0,0,0,0,0,0,0,0,0,0,0,0,0
4.96574699,24.13119144,19.99999763,3,7.43755894,0,0,-4.76067704,0,0,-1.92883653,0,0,4.02411568,0,0,0.9745919,0,-0.22398799,0,0,-0.15913098,0,0,0,0,0,0,0,0,0,0,0,0,0
4.98574699,24.27898794,19.99999763,3,7.34196502,0,0,-4.79844411,0,0,-1.84762947,0,0,4.09627841,0,0,0.97424228,0,-0.22550384,0,0,-0.1519698,0,0,0,0,0,0,0,0,0,0,0,0,0
5.00574699,24.42486511,19.99999763,3,7.2456321,0,0,-4.83457273,0,0,-1.76499803,0,0,4.16654462,0,0,0.97390662,0,-0.22694912,0,0,-0.14475073,0,0,0,0,0,0,0,0,0,0,0,0,0
5.02574699,24.56880851,19.99999763,3,7.14859322,0,0,-4.86903479,0,0,-1.68098067,0,0,4.23486237,0,0,0.97358536,0,-0.22832334,0,0,-0.1374758,0,0,0,0,0,0,0,0,0,0,0,0,0
5.04574699,24.71080436,19.99999763,3,7.050882,0,0,-4.90180298,0,0,-1.59561687,0,0,4.30117975,0,0,0.97327894,0,-0.22962603,0,0,-0.13014688,0,0,0,0,0,0,0,0,0,0,0,0,0
5.06574699,24.85083954,19.99999763,3,6.95253257,0,0,-4.93285076,0,0,-1.50894716,0,0,4.36544483,0,0,0.97298775,0,-0.23085675,0,0,-0.12276572,0,0,0,0,0,0,0,0,0,0,0,0,0
5.08574699,24.98890164,19.99999763,3,6.85357961,0,0,-4.96215243,0,0,-1.42101311,0,0,4.42760571,0,0,0.9727122,0,-0.23201504,0,0,-0.11533392,0,0,0,0,0,0,0,0,0,0,0,0,0
5.10574699,25.12497893,19.99999763,3,6.75405828,0,0,-4.98968314,0,0,-1.33185731,0,0,4.48761045,0,0,0.97245265,0,-0.2331005,0,0,-0.10785295,0,0,0,0,0,0,0,0,0,0,0,0,0
5.12574699,25.25906042,19.99999763,3,6.65400425,0,0,-5.01541887,0,0,-1.24152341,0,0,4.54540713,0,0,0.97220947,0,-0.2341127,0,0,-0.10032416,0,0,0,0,0,0,0,0,0,0,0,0,0
5.14574699,25.39113579,19.99999763,3,6.55345365,0,0,-5.03933652,0,0,-1.15005609,0,0,4.60094384,0,0,0.97198298,0,-0.23505124,0,0,-0.09274879,0,0,0,0,0,0,0,0,0,0,0,0,0
5.16574699,25.5211955,19.99999763,3,6.45244306,0,0,-5.06141386,0,0,-1.05750107,0,0,4.65416865,0,0,0.97177352,0,-0.23591572,0,0,-0.08512796,0,0,0,0,0,0,0,0,0,0,0,0,0
5.18574699,25.64923069,19.99999763,3,6.3510095,0,0,-5.08162962,0,0,-0.9639051,0,0,4.70502965,0,0,0.97158138,0,-0.23670576,0,0,-0.0774627,0,0,0,0,0,0,0,0,0,0,0,0,0
5.20574699,25.77523331,19.99999763,3,6.24919042,0,0,-5.09996345,0,0,-0.86931599,0,0,4.75347491,0,0,0.97140686,0,-0.23742096,0,0,-0.06975394,0,0,0,0,0,0,0,0,0,0,0,0,0
5.22574699,25.89919599,19.99999763,3,6.14702364,0,0,-5.11639597,0,0,-0.77378256,0,0,4.79945251,0,0,0.97125022,0,-0.23806096,0,0,-0.06200252,0,0,0,0,0,0,0,0,0,0,0,0,0
5.24574699,26.02111219,19.99999763,3,6.04454738,0,0,-5.13090879,0,0,-0.67735469,0,0,4.84291053,0,0,0.9711117,0,-0.23862537,0,0,-0.05420922,0,0,0,0,0,0,0,0,0,0,0,0,0
5.26574699,26.14097608,19.99999763,3,5.9418002,0,0,-5.14348453,0,0,-0.58008328,0,0,4.88379706,0,0,0.97099154,0,-0.23911383,0,0,-0.04637474,0,0,0,0,0,0,0,0,0,0,0,0,0
5.28574699,26.25878265,19.99999763,3,5.83882102,0,0,-5.15410684,0,0,-0.48202029,0,0,4.92206016,0,0,0.97088996,0,-0.23952597,0,0,-0.03849973,0,0,0,0,0,0,0,0,0,0,0,0,0
5.30574699,26.37452764,19.99999763,3,5.73564905,0,0,-5.16276042,0,0,-0.38321871,0,0,4.95764792,0,0,0.97080714,0,-0.23986142,0,0,-0.03058478,0,0,0,0,0,0,0,0,0,0,0,0,0
5.32574699,26.48820759,19.99999763,3,5.63232382,0,0,-5.16943102,0,0,-0.28373256,0,0,4.99050842,0,0,0.97074326,0,-0.24011981,0,0,-0.02263045,0,0,0,0,0,0,0,0,0,0,0,0,0
5.34574699,26.59981983,19.99999763,3,5.52888512,0,0,-5.17410552,0,0,-0.1836169,0,0,5.02058974,0,0,0.97069848,0,-0.24030079,0,0,-0.01463729,0,0,0,0,0,0,0,0,0,0,0,0,0
5.36574699,26.7093625,19.99999763,3,5.42537299,0,0,-5.17677188,0,0,-0.08292784,0,0,5.04783996,0,0,0.97067292,0,-0.24040398,0,0,-0.00660582,0,0,0,0,0,0,0,0,0,0,0,0,0
5.38574699,26.81683453,19.99999763,3,5.32182771,0,0,-5.17741919,0,0,0.01827748,0,0,5.07220716,0,0,0.97066672,0,-0.24042903,0,0,0.00146346,0,0,0,0,0,0,0,0,0,0,0,0,0
5.40574699,26.92223566,19.99999763,3,5.21828975,0,0,-5.17603772,0,0,0.11994088,0,0,5.09363941,0,0,0.97067996,0,-0.24037557,0,0,0.00957,0,0,0,0,0,0,0,0,0,0,0,0,0
5.42574699,27.02556644,19.99999763,3,5.11479978,0,0,-5.1726189,0,0,0.22200314,0,0,5.1120848,0,0,0.97071272,0,-0.24024324,0,0,0.01771327,0,0,0,0,0,0,0,0,0,0,0,0,0
5.44574699,27.12682824,19.99999763,3,5.01139862,0,0,-5.16715534,0,0,0.32440401,0,0,5.1274914,0,0,0.97076506,0,-0.24003168,0,0,0.02589267,0,0,0,0,0,0,0,0,0,0,0,0,0
5.46574699,27.22602325,19.99999763,3,4.90812724,0,0,-5.15964089,0,0,0.42708219,0,0,5.13980729,0,0,0.970837,0,-0.23974052,0,0,0.03410759,0,0,0,0,0,0,0,0,0,0,0,0,0
5.48574699,27.32315447,19.99999763,3,4.80502669,0,0,-5.15007062,0,0,0.52997535,0,0,5.14898057,0,0,0.97092857,0,-0.23936942,0,0,0.04235731,0,0,0,0,0,0,0,0,0,0,0,0,0
5.50574699,27.41822573,19.99999763,3,4.70213814,0,0,-5.13844086,0,0,0.63302012,0,0,5.15495929,0,0,0.97103975,0,-0.238918,0,0,0.05064108,0,0,0,0,0,0,0,0,0,0,0,0,0
5.52574699,27.51124169,19.99999763,3,4.59950281,0,0,-5.12474923,0,0,0.73615208,0,0,5.15769155,0,0,0.97117051,0,-0.23838592,0,0,0.05895804,0,0,0,0,0,0,0,0,0,0,0,0,0
5.54574699,27.60220781,19.99999763,3,4.49716193,0,0,-5.10899464,0,0,0.83930579,0,0,5.15712541,0,0,0.97132079,0,-0.23777282,0,0,0.06730721,0,0,0,0,0,0,0,0,0,0,0,0,0
5.56574699,27.6911304,19.99999763,3,4.39515677,0,0,-5.0911773,0,0,0.94241476,0,0,5.15320897,0,0,0.97149053,0,-0.23707836,0,0,0.07568751,0,0,0,0,0,0,0,0,0,0,0,0,0
5.58574699,27.77801659,19.99999763,3,4.29352858,0,0,-5.07129879,0,0,1.04541147,0,0,5.1458903,0,0,0.97167961,0,-0.23630221,0,0,0.08409771,0,0,0,0,0,0,0,0,0,0,0,0,0
5.60574699,27.86287433,19.99999763,3,4.19231854,0,0,-5.04936205,0,0,1.14822735,0,0,5.13511748,0,0,0.97188791,0,-0.23544403,0,0,0.09253642,0,0,0,0,0,0,0,0,0,0,0,0,0
5.62574699,27.9457124,19.99999763,3,4.09156779,0,0,-5.02537137,0,0,1.25079279,0,0,5.12083859,0,0,0.97211528,0,-0.23450349,0,0,0.10100208,0,0,0,0,0,0,0,0,0,0,0,0,0
5.64574699,28.02654038,19.99999763,3,3.99131734,0,0,-4.99933248,0,0,1.35303717,0,0,5.10300171,0,0,0.97236153,0,-0.23348029,0,0,0.10949293,0,0,0,0,0,0,0,0,0,0,0,0,0
5.66574699,28.1053687,19.99999763,3,3.8916081,0,0,-4.9712525,0,0,1.4548888,0,0,5.08155492,0,0,0.97262648,0,-0.23237414,0,0,0.11800702,0,0,0,0,0,0,0,0,0,0,0,0,0
5.68574699,28.18220858,19.99999763,3,3.79248079,0,0,-4.94114003,0,0,1.55627495,0,0,5.05644629,0,0,0.97290987,0,-0.23118474,0,0,0.12654215,0,0,0,0,0,0,0,0,0,0,0,0,0
5.70574699,28.25707208,19.99999763,3,3.69397598,0,0,-4.9090051,0,0,1.65712189,0,0,5.02762391,0,0,0.97321146,0,-0.22991183,0,0,0.13509588,0,0,0,0,0,0,0,0,0,0,0,0,0
5.72574699,28.32997204,19.99999763,3,3.59613399,0,0,-4.87485924,0,0,1.75735481,0,0,4.99503586,0,0,0.97353096,0,-0.22855517,0,0,0.14366549,0,0,0,0,0,0,0,0,0,0,0,0,0
5.74574699,28.40092213,19.99999763,3,3.49899493,0,0,-4.8387155,0,0,1.85689787,0,0,4.95863021,0,0,0.97386805,0,-0.22711455,0,0,0.15224799,0,0,0,0,0,0,0,0,0,0,0,0,0
5.76574699,28.46993679,19.99999763,3,3.4025986,0,0,-4.80058844,0,0,1.95567422,0,0,4.91835505,0,0,0.97422239,0,-0.22558976,0,0,0.16084006,0,0,0,0,0,0,0,0,0,0,0,0,0
5.78574699,28.53703128,19.99999763,3,3.30698451,0,0,-4.76049417,0,0,2.05360593,0,0,4.87415845,0,0,0.97459359,0,-0.22398064,0,0,0.16943805,0,0,0,0,0,0,0,0,0,0,0,0,0
5.80574699,28.60222165,19.99999763,3,3.21219183,0,0,-4.71845036,0,0,2.15061407,0,0,4.8259885,0,0,0.97498126,0,-0.22228706,0,0,0.17803797,0,0,0,0,0,0,0,0,0,0,0,0,0
5.82574699,28.66552469,19.99999763,3,3.11825936,0,0,-4.67447629,0,0,2.24661864,0,0,4.77379327,0,0,0.97538496,0,-0.22050893,0,0,0.18663545,0,0,0,0,0,0,0,0,0,0,0,0,0
5.84574699,28.72695801,19.99999763,3,3.02522551,0,0,-4.62859285,0,0,2.34153862,0,0,4.71752084,0,0,0.9758042,0,-0.2186462,0,0,0.19522572,0,0,0,0,0,0,0,0,0,0,0,0,0
5.86574699,28.78653996,19.99999763,3,2.93312823,0,0,-4.58082253,0,0,2.43529194,0,0,4.65711929,0,0,0.9762385,0,-0.21669886,0,0,0.20380359,0,0,0,0,0,0,0,0,0,0,0,0,0
5.88574699,28.84428964,19.99999763,3,2.84200502,0,0,-4.5311895,0,0,2.52779551,0,0,4.59253671,0,0,0.97668731,0,-0.21466694,0,0,0.21236344,0,0,0,0,0,0,0,0,0,0,0,0,0
5.90574699,28.9002269,19.99999763,3,2.75189289,0,0,-4.4797196,0,0,2.61896519,0,0,4.52372116,0,0,0.97715007,0,-0.21255057,0,0,0.22089918,0,0,0,0,0,0,0,0,0,0,0,0,0
5.92574699,28.95437233,19.99999763,3,2.6628283,0,0,-4.42644035,0,0,2.70871579,0,0,4.45062073,0,0,0.97762617,0,-0.21034988,0,0,0.22940427,0,0,0,0,0,0,0,0,0,0,0,0,0
5.94574699,29.00674725,19.99999763,3,2.57484715,0,0,-4.371381,0,0,2.79696111,0,0,4.37318351,0,0,0.97811498,0,-0.2080651,0,0,0.23787162,0,0,0,0,0,0,0,0,0,0,0,0,0
5.96574699,29.05737368,19.99999763,3,2.48798472,0,0,-4.31457252,0,0,2.88361388,0,0,4.29135756,0,0,0.97861583,0,-0.20569652,0,0,0.24629368,0,0,0,0,0,0,0,0,0,0,0,0,0
5.98574699,29.10627433,19.99999763,3,2.40227569,0,0,-4.25604765,0,0,2.96858581,0,0,4.20509097,0,0,0.97912801,0,-0.20324452,0,0,0.25466231,0,0,0,0,0,0,0,0,0,0,0,0,0
6.00574699,29.15347262,19.99999763,3,2.31775403,0,0,-4.19584089,0,0,3.05178757,0,0,4.11433182,0,0,0.97965079,0,-0.20070954,0,0,0.26296886,0,0,0,0,0,0,0,0,0,0,0,0,0
6.02574699,29.19899263,19.99999763,3,2.23445302,0,0,-4.13398855,0,0,3.13312878,0,0,4.01902818,0,0,0.98018341,0,-0.19809213,0,0,0.27120408,0,0,0,0,0,0,0,0,0,0,0,0,0
6.04574699,29.2428591,19.99999763,3,2.1524052,0,0,-4.07052875,0,0,3.21251805,0,0,3.91912814,0,0,0.98072504,0,-0.19539291,0,0,0.27935817,0,0,0,0,0,0,0,0,0,0,0,0,0
6.06574699,29.28509741,19.99999763,3,2.07164232,0,0,-4.00550146,0,0,3.28986292,0,0,3.81457978,0,0,0.98127487,0,-0.19261262,0,0,0.28742071,0,0,0,0,0,0,0,0,0,0,0,0,0
6.08574699,29.32573356,19.99999763,3,1.99219532,0,0,-3.93894849,0,0,3.36506991,0,0,3.70533117,0,0,0.98183203,0,-0.1897521,0,0,0.2953807,0,0,0,0,0,0,0,0,0,0,0,0,0
6.10574699,29.36479419,19.99999763,3,1.91409426,0,0,-3.87091355,0,0,3.43804449,0,0,3.5913304,0,0,0.98239562,0,-0.1868123,0,0,0.30322652,0,0,0,0,0,0,0,0,0,0,0,0,0
6.12574699,29.4023065,19.99999763,3,1.83736835,0,0,-3.80144223,0,0,3.50869109,0,0,3.47252554,0,0,0.98296473,0,-0.1837943,0,0,0.31094594,0,0,0,0,0,0,0,0,0,0,0,0,0
6.14574699,29.43829828,19.99999763,3,1.76204584,0,0,-3.73058207,0,0,3.57691313,0,0,3.34886467,0,0,0.98353839,0,-0.18069929,0,0,0.31852612,0,0,0,0,0,0,0,0,0,0,0,0,0
6.16574699,29.47279787,19.99999763,3,1.688154,0,0,-3.65838252,0,0,3.64261296,0,0,3.22029587,0,0,0.98411564,0,-0.17752861,0,0,0.3259536,0,0,0,0,0,0,0,0,0,0,0,0,0
6.18574699,29.50583416,19.99999763,3,1.61571912,0,0,-3.58489502,0,0,3.7056919,0,0,3.08676723,0,0,0.98469548,0,-0.17428374,0,0,0.33321432,0,0,0,0,0,0,0,0,0,0,0,0,0
6.20574699,29.53743652,19.99999763,3,1.54476643,0,0,-3.51017298,0,0,3.76605024,0,0,2.94822681,0,0,0.98527688,0,-0.17096629,0,0,0.34029363,0,0,0,0,0,0,0,0,0,0,0,0,0
6.22574699,29.56763485,19.99999763,3,1.47532006,0,0,-3.43427182,0,0,3.82358722,0,0,2.80462271,0,0,0.98585881,0,-0.16757804,0,0,0.3471763,0,0,0,0,0,0,0,0,0,0,0,0,0
6.24574699,29.59645952,19.99999763,3,1.40740303,0,0,-3.35724898,0,0,3.87820104,0,0,2.655903,0,0,0.98644023,0,-0.16412093,0,0,0.35384651,0,0,0,0,0,0,0,0,0,0,0,0,0
6.26574699,29.62394132,19.99999763,3,1.34103719,0,0,-3.27916395,0,0,3.92978889,0,0,2.50201575,0,0,0.98702005,0,-0.16059705,0,0,0.36028792,0,0,0,0,0,0,0,0,0,0,0,0,0
6.28574699,29.65011148,19.99999763,3,1.27624315,0,0,-3.20007829,0,0,3.97824688,0,0,2.34290906,0,0,0.98759722,0,-0.15700868,0,0,0.36648368,0,0,0,0,0,0,0,0,0,0,0,0,0
6.30574699,29.67500165,19.99999763,3,1.2130403,0,0,-3.12005564,0,0,4.02347011,0,0,2.17853099,0,0,0.98817065,0,-0.15335827,0,0,0.37241642,0,0,0,0,0,0,0,0,0,0,0,0,0
6.32574699,29.69864383,19.99999763,3,1.15144673,0,0,-3.03916176,0,0,4.06535263,0,0,2.00882963,0,0,0.98873927,0,-0.14964844,0,0,0.37806836,0,0,0,0,0,0,0,0,0,0,0,0,0
6.34574699,29.72107036,19.99999763,3,1.09147919,0,0,-2.95746452,0,0,4.10378746,0,0,1.83375306,0,0,0.98930199,0,-0.14588203,0,0,0.38342127,0,0,0,0,0,0,0,0,0,0,0,0,0
6.36574699,29.74231394,19.99999763,3,1.03315304,0,0,-2.87503396,0,0,4.13866657,0,0,1.65324935,0,0,0.98985776,0,-0.14206204,0,0,0.38845659,0,0,0,0,0,0,0,0,0,0,0,0,0
6.38574699,29.76240752,19.99999763,3,0.97648224,0,0,-2.79194229,0,0,4.1698809,0,0,1.46726659,0,0,0.9904055,0,-0.13819169,0,0,0.3931554,0,0,0,0,0,0,0,0,0,0,0,0,0
6.40574699,29.78138434,19.99999763,3,0.92147926,0,0,-2.70826389,0,0,4.19732036,0,0,1.27575285,0,0,0.99094419,0,-0.13427437,0,0,0.39749854,0,0,0,0,0,0,0,0,0,0,0,0,0
6.42574699,29.79927788,19.99999763,3,0.86815508,0,0,-2.62407538,0,0,4.2208738,0,0,1.07865621,0,0,0.99147281,0,-0.13031371,0,0,0.40146663,0,0,0,0,0,0,0,0,0,0,0,0,0
6.44574699,29.8161218,19.99999763,3,0.81651912,0,0,-2.53945559,0,0,4.24042904,0,0,0.87592476,0,0,0.99199037,0,-0.12631351,0,0,0.40504014,0,0,0,0,0,0,0,0,0,0,0,0,0
6.46574699,29.83194995,19.99999763,3,0.76657919,0,0,-2.45448563,0,0,4.25587288,0,0,0.66750658,0,0,0.99249591,0,-0.1222778,0,0,0.40819943,0,0,0,0,0,0,0,0,0,0,0,0,0
6.48574699,29.84679632,19.99999763,3,0.71834147,0,0,-2.36924885,0,0,4.26709105,0,0,0.45334973,0,0,0.99298852,0,-0.11821079,0,0,0.41092484,0,0,0,0,0,0,0,0,0,0,0,0,0
6.50574699,29.86069499,19.99999763,3,0.67181045,0,0,-2.28383092,0,0,4.27396826,0,0,0.23340231,0,0,0.99346732,0,-0.11411693,0,0,0.41319675,0,0,0,0,0,0,0,0,0,0,0,0,0
6.52574699,29.87368013,19.99999763,3,0.62698886,0,0,-2.19831983,0,0,4.27638819,0,0,0.00761238,0,0,0.99393149,0,-0.11000086,0,0,0.41499563,0,0,0,0,0,0,0,0,0,0,0,0,0
6.54574699,29.88578595,19.99999763,3,0.58387767,0,0,-2.11280589,0,0,4.27423346,0,0,-0.22407196,0,0,0.99438026,0,-0.10586741,0,0,0.41630212,0,0,0,0,0,0,0,0,0,0,0,0,0
6.56574699,29.89704664,19.99999763,3,0.54247603,0,0,-2.02738178,0,0,4.26738567,0,0,-0.46170264,0,0,0.9948129,0,-0.10172162,0,0,0.41709709,0,0,0,0,0,0,0,0,0,0,0,0,0
6.58574699,29.90749637,19.99999763,3,0.50278117,0,0,-1.94214255,0,0,4.25572537,0,0,-0.70533159,0,0,0.99522879,0,-0.09756876,0,0,0.4173617,0,0,0,0,0,0,0,0,0,0,0,0,0
6.60574699,29.91716923,19.99999763,3,0.46478844,0,0,-1.85718565,0,0,4.23913207,0,0,-0.95501071,0,0,0.99562733,0,-0.09341424,0,0,0.41707745,0,0,0,0,0,0,0,0,0,0,0,0,0
6.62574699,29.92609921,19.99999763,3,0.4284912,0,0,-1.77261096,0,0,4.21748426,0,0,-1.21079194,0,0,0.99600803,0,-0.08926371,0,0,0.41622626,0,0,0,0,0,0,0,0,0,0,0,0,0
6.64574699,29.93432013,19.99999763,3,0.39388077,0,0,-1.6885208,0,0,4.19065937,0,0,-1.47272719,0,0,0.99637045,0,-0.08512298,0,0,0.4147905,0,0,0,0,0,0,0,0,0,0,0,0,0
6.66574699,29.94186562,19.99999763,3,0.36094644,0,0,-1.60501993,0,0,4.1585338,0,0,-1.74086838,0,0,0.99671426,0,-0.08099804,0,0,0.41275305,0,0,0,0,0,0,0,0,0,0,0,0,0
6.68574699,29.94876907,19.99999763,3,0.32967533,0,0,-1.52221561,0,0,4.12098291,0,0,-2.01526744,0,0,0.99703919,0,-0.07689507,0,0,0.41009735,0,0,0,0,0,0,0,0,0,0,0,0,0
6.70574699,29.95506362,19.99999763,3,0.30005244,0,0,-1.44021762,0,0,4.07788104,0,0,-2.29597629,0,0,0.99734507,0,-0.07282041,0,0,0.40680738,0,0,0,0,0,0,0,0,0,0,0,0,0
6.72574699,29.96078204,19.99999763,3,0.27206051,0,0,-1.35913822,0,0,4.02910145,0,0,-2.58304684,0,0,0.99763181,0,-0.06878056,0,0,0.40286775,0,0,0,0,0,0,0,0,0,0,0,0,0
6.74574699,29.96595678,19.99999763,3,0.24568002,0,0,-1.27909226,0,0,3.9745164,0,0,-2.87653101,0,0,0.99789943,0,-0.06478217,0,0,0.39826369,0,0,0,0,0,0,0,0,0,0,0,0,0
6.76574699,29.97061984,19.99999763,3,0.22088914,0,0,-1.20019713,0,0,3.91399711,0,0,-3.17648073,0,0,0.99814802,0,-0.06083205,0,0,0.39298105,0,0,0,0,0,0,0,0,0,0,0,0,0
6.78574699,29.97480278,19.99999763,3,0.19766366,0,0,-1.12257281,0,0,3.84741373,0,0,-3.48294792,0,0,0.99837777,0,-0.05693714,0,0,0.3870063,0,0,0,0,0,0,0,0,0,0,0,0,0
6.80574699,29.97853665,19.99999763,3,0.17597694,0,0,-1.04634188,0,0,3.77463539,0,0,-3.7959845,0,0,0.99858896,0,-0.05310451,0,0,0.38032652,0,0,0,0,0,0,0,0,0,0,0,0,0
6.82574699,29.98185193,19.99999763,3,0.15579986,0,0,-0.97162957,0,0,3.6955302,0,0,-4.11564238,0,0,0.99878197,0,-0.04934137,0,0,0.3729294,0,0,0,0,0,0,0,0,0,0,0,0,0
6.84574699,29.9847785,19.99999763,3,0.13710078,0,0,-0.89856374,0,0,3.60996521,0,0,-4.4419735,0,0,0.99895727,0,-0.04565504,0,0,0.36480317,0,0,0,0,0,0,0,0,0,0,0,0,0
6.86574699,29.98734558,19.99999763,3,0.11984547,0,0,-0.82727492,0,0,3.51780643,0,0,-4.77502976,0,0,0.99911538,0,-0.04205295,0,0,0.35593659,0,0,0,0,0,0,0,0,0,0,0,0,0
6.88574699,29.9895817,19.99999763,3,0.10399705,0,0,-0.75789634,0,0,3.41891884,0,0,-5.1148631,0,0,0.99925696,0,-0.03854263,0,0,0.34631888,0,0,0,0,0,0,0,0,0,0,0,0,0
6.90574699,29.99151458,19.99999763,3,0.08951597,0,0,-0.69056393,0,0,3.31316638,0,0,-5.46152543,0,0,0.99938269,0,-0.03513174,0,0,0.33593966,0,0,0,0,0,0,0,0,0,0,0,0,0
6.92574699,29.99317117,19.99999763,3,0.07635993,0,0,-0.62541636,0,0,3.20041195,0,0,-5.81506866,0,0,0.99949336,0,-0.03182801,0,0,0.32478891,0,0,0,0,0,0,0,0,0,0,0,0,0
6.94574699,29.99457751,19.99999763,3,0.06448381,0,0,-0.56259505,0,0,3.08051741,0,0,-6.17554473,0,0,0.99958981,0,-0.02863928,0,0,0.31285687,0,0,0,0,0,0,0,0,0,0,0,0,0
6.96574699,29.99575873,19.99999763,3,0.05383966,0,0,-0.50224419,0,0,2.95334359,0,0,-6.54300556,0,0,0.99967295,0,-0.02557346,0,0,0.30013395,0,0,0,0,0,0,0,0,0,0,0,0,0
6.98574699,29.99673897,19.99999763,3,0.0443766,0,0,-0.44451077,0,0,2.81875028,0,0,-6.91750306,0,0,0.99974371,0,-0.02263858,0,0,0.28661067,0,0,0,0,0,0,0,0,0,0,0,0,0
7.00574699,29.99754131,19.99999763,3,0.03604078,0,0,-0.38954459,0,0,2.67659622,0,0,-7.29908915,0,0,0.99980311,0,-0.01984274,0,0,0.27227755,0,0,0,0,0,0,0,0,0,0,0,0,0
7.02574699,29.99818774,19.99999763,3,0.02877535,0,0,-0.33749828,0,0,2.52673911,0,0,-7.68781575,0,0,0.99985217,0,-0.01719412,0,0,0.25712502,0,0,0,0,0,0,0,0,0,0,0,0,0
7.04574699,29.99869906,19.99999763,3,0.02252035,0,0,-0.28852733,0,0,2.36903564,0,0,-8.0837348,0,0,0.99989193,0,-0.01470101,0,0,0.24114334,0,0,0,0,0,0,0,0,0,0,0,0,0
7.06574699,29.99909487,19.99999763,3,0.0172127,0,0,-0.24279012,0,0,2.20334142,0,0,-8.48689819,0,0,0.99992347,0,-0.01237178,0,0,0.22432251,0,0,0,0,0,0,0,0,0,0,0,0,0
7.08574699,29.99939345,19.99999763,3,0.01278611,0,0,-0.20044792,0,0,2.02951107,0,0,-8.89735787,0,0,0.99994783,0,-0.01021491,0,0,0.20665215,0,0,0,0,0,0,0,0,0,0,0,0,0
7.10574699,29.99961173,19.99999763,3,0.00917105,0,0,-0.1616649,0,0,1.84739812,0,0,-9.31516574,0,0,0.99996606,0,-0.00823896,0,0,0.18812147,0,0,0,0,0,0,0,0,0,0,0,0,0
7.12574699,29.99976521,19.99999763,3,0.00629467,0,0,-0.12660819,0,0,1.6568551,0,0,-9.74037373,0,0,0.99997918,0,-0.00645261,0,0,0.16871915,0,0,0,0,0,0,0,0,0,0,0,0,0
7.14574699,29.99986793,19.99999763,3,0.00408075,0,0,-0.09544788,0,0,1.45773349,0,0,-10.17303376,0,0,0.99998817,0,-0.00486465,0,0,0.14843331,0,0,0,0,0,0,0,0,0,0,0,0,0
7.16574699,29.99993233,19.99999763,3,0.00244963,0,0,-0.06835704,0,0,1.24988373,0,0,-10.61319775,0,0,0.99999393,0,-0.00348399,0,0,0.12725146,0,0,0,0,0,0,0,0,0,0,0,0,0
7.18574699,29.99996925,19.99999763,3,0.00131816,0,0,-0.04551173,0,0,1.03315521,0,0,-11.06091762,0,0,0.99999731,0,-0.00231964,0,0,0.10516047,0,0,0,0,0,0,0,0,0,0,0,0,0
7.20574699,29.99998781,19.99999763,3,0.00059966,0,0,-0.02709103,0,0,0.8073963,0,0,-11.51624529,0,0,0.99999905,0,-0.00138078,0,0,0.08214657,0,0,0,0,0,0,0,0,0,0,0,0,0
7.22574699,29.99999539,19.99999763,3,0.00020381,0,0,-0.01327709,0,0,0.57245433,0,0,-11.97923268,0,0,0.99999977,0,-0.00067671,0,0,0.05819536,0,0,0,0,0,0,0,0,0,0,0,0,0
7.24574699,29.99999749,19.99999763,3,3.663E-05,0,0,-0.0042551,0,0,0.32817558,0,0,-12.44993171,0,0,0.99999998,0,-0.00021688,0,0,0.03329189,0,0,0,0,0,0,0,0,0,0,0,0,0
7.26574699,29.99999772,19.99999763,3,4.1E-07,0,0,-0.00021335,0,0,0.07440531,0,0,-12.92839431,0,0,1,0,-1.087E-05,0,0,0.01686138,0,0,0,0,0,0,0,0,0,0,0,0,0
7.27147156,29.99999773,19.99999763,3,0,0,0,0,0,0,0,0,0,0,0,0,1,0,0,0,0,0.00084541,0,0,0,0,0,0,0,0,0,0,0,0,0
